State,ID,NUM,LPR,RPR,LBK,RBK,LBC,RBC,COMMA,SEMICOLON,DOT,ASSIGN,PLUS,MINUS,STAR,SLASH,PERCENT,EQ,NEQ,LT,GT,LTE,GTE,AND,OR,NOT,POINTER_ACC,KW_IF,KW_ELSE,KW_WHILE,KW_RETURN,KW_CLASS,KW_BREAK,KW_CONTINUE,KW_INT,KW_VOID,EOF,Declarator,SimpleDeclarator,DirectDeclarator,TypeSuffix,TypeDeclIdxTail,CompUnit,Decl,ConstDecl,Type,VarDecl,VarDeclTail,VarDef,InitVal,InitValTail,InitValTailTail,FuncDef,FuncFParams,FuncFParamsTail,FuncFParam,Block,BlockItem,BlockItemTail,Stmt,Exp,PrimaryExp,UnaryExp,UnaryOp,FuncRParams,FuncRParamsTail,MulExp,MulOp,AddExp,AddOp,RelExp,RelOp,EqExp,EqOp,LAndExp,LOrExp,ConstExp,ClassDef,ClassBody,ClassMemberList,ClassMember,ConstructorDef
0,,,,,,,,,,,,,,,,,,,,,,,,,,,,,,,,s1,,,s2,s3,,,,,,,4,5,s6,7,8,,,,,,9,,,,,,,,,,,,,,,,,,,,,,,,,10,,,,
1,s11,,,,,,,,,,,,,,,,,,,,,,,,,,,,,,,,,,,,,,,,,,,,,,,,,,,,,,,,,,,,,,,,,,,,,,,,,,,,,,,,,
2,r19,,,,,,,,,,,,,,r19,,,,,,,,,,,,,,,,,,,,,,,,,,,,,,,,,,,,,,,,,,,,,,,,,,,,,,,,,,,,,,,,,,,
3,r20,,,,,,,,,,,,,,r20,,,,,,,,,,,,,,,,,,,,,,,,,,,,,,,,,,,,,,,,,,,,,,,,,,,,,,,,,,,,,,,,,,,
4,,,,,,,,,,,,,,,,,,,,,,,,,,,,,,,,s1,,,s2,s3,acc,,,,,,,12,s6,7,8,,,,,,13,,,,,,,,,,,,,,,,,,,,,,,,,14,,,,
5,,,,,,,,,,,,,,,,,,,,,,,,,,,,,,,,r1,,,r1,r1,r1,,,,,,,,r1,,,,,,,,,,,,,,,,,,,,,,,,,,,,,,,,,,,,,
6,,,,,,,,,,,,,,,,,,,,,,,,,,,,,,,,r17,,,r17,r17,r17,,,,,,,,r17,,,,,,,,,,,,,,,,,,,,,,,,,,,,,,,,,,,,,
7,s15,,,,,,,,,,,,,,s16,,,,,,,,,,,,,,,,,,,,,,,17,18,19,,,,,,,,,20,,,,,,,,,,,,,,,,,,,,,,,,,,,,,,,,,
8,,,,,,,,,,,,,,,,,,,,,,,,,,,,,,,,r18,,,r18,r18,r18,,,,,,,,r18,,,,,,,,,,,,,,,,,,,,,,,,,,,,,,,,,,,,,
9,,,,,,,,,,,,,,,,,,,,,,,,,,,,,,,,r2,,,r2,r2,r2,,,,,,,,r2,,,,,,,,,,,,,,,,,,,,,,,,,,,,,,,,,,,,,
10,,,,,,,,,,,,,,,,,,,,,,,,,,,,,,,,r5,,,r5,r5,r5,,,,,,,,r5,,,,,,,,,,,,,,,,,,,,,,,,,,,,,,,,,,,,,
11,r21,,,,,,s21,,,,,,,,r21,,,,,,,,,,,,,,,,,,,,,,,,,,,,,,,,,,,,,,,,,,,,,,,,,,,,,,,,,,,,,,,,,,,
12,,,,,,,,,,,,,,,,,,,,,,,,,,,,,,,,r3,,,r3,r3,r3,,,,,,,,r3,,,,,,,,,,,,,,,,,,,,,,,,,,,,,,,,,,,,,
13,,,,,,,,,,,,,,,,,,,,,,,,,,,,,,,,r4,,,r4,r4,r4,,,,,,,,r4,,,,,,,,,,,,,,,,,,,,,,,,,,,,,,,,,,,,,
14,,,,,,,,,,,,,,,,,,,,,,,,,,,,,,,,r6,,,r6,r6,r6,,,,,,,,r6,,,,,,,,,,,,,,,,,,,,,,,,,,,,,,,,,,,,,
15,,,r49,,r49,,r49,,r49,r49,,r49,,,,,,,,,,,,,,,,,,,,,,,,,,,,,,,,,,,,,,,,,,,,,,,,,,,,,,,,,,,,,,,,,,,,,,
16,s15,,,,,,,,,,,,,,s16,,,,,,,,,,,,,,,,,,,,,,,22,18,19,,,,,,,,,,,,,,,,,,,,,,,,,,,,,,,,,,,,,,,,,,
17,,,,,,,s23,,r25,r25,,s24,,,,,,,,,,,,,,,,,,,,,,,,,,,,,,,,,,,,,,,,,,,,,25,,,,,,,,,,,,,,,,,,,,,,,,,
18,,,s26,,s27,,r37,,r37,r37,,r37,,,,,,,,,,,,,,,,,,,,,,,,,,,,,28,29,,,,,,,,,,,,,,,,,,,,,,,,,,,,,,,,,,,,,,,,
19,,,,,,,r35,,r35,r35,,r35,,,,,,,,,,,,,,,,,,,,,,,,,,,,,,,,,,,,,,,,,,,,,,,,,,,,,,,,,,,,,,,,,,,,,,
20,,,,,,,,,s30,r24,,,,,,,,,,,,,,,,,,,,,,,,,,,,,,,,,,,,,,31,,,,,,,,,,,,,,,,,,,,,,,,,,,,,,,,,,
21,s32,,,,,,,r8,,,,,,,,,,,,,,,,,,,,,,,,s33,,,s2,s3,,,,,,,,,,34,35,,,,,,36,,,,,,,,,,,,,,,,,,,,,,,,,,37,38,39,40
22,,,,,,,r34,,r34,r34,,r34,,,,,,,,,,,,,,,,,,,,,,,,,,,,,,,,,,,,,,,,,,,,,,,,,,,,,,,,,,,,,,,,,,,,,,
23,s41,s42,s43,,,,s44,r52,,s45,,,s46,s47,s48,,,,,,,,,,,s49,,s50,,s51,s52,s33,s53,s54,s2,s3,,,,,,,,55,s56,57,58,,,,,,,,,,59,60,61,62,63,64,65,66,,,67,,68,,69,,70,,71,72,,,,,,
24,s73,s74,s75,,,,s76,,,,,,s46,s47,s48,,,,,,,,,,,s49,,,,,,,,,,,,,,,,,,,,,,,,77,,,,,,,,,,,78,79,80,81,,,82,,83,,84,,85,,86,87,,,,,,
25,,,,,,,,,,,,,,,,,,,,,,,,,,,,,,,,r33,,,r33,r33,r33,,,,,,,,r33,,,,,,,,,,,,,,,,,,,,,,,,,,,,,,,,,,,,,
26,,,,s88,,,,,,,,,,,,,,,,,,,,,,,,,,,,s33,,,s2,s3,,,,,,,,,,89,,,,,,,,90,,91,,,,,,,,,,,,,,,,,,,,,,,,,,
27,s92,s93,s94,,,s95,,,,,,,s46,s47,s48,,,,,,,,,,,s49,,,,,,,,,,,,,,,,,,,,,,,,,,,,,,,,,,,96,97,98,99,,,100,,101,,102,,103,,104,105,106,,,,,
28,,,,,,,r36,,r36,r36,,r36,,,,,,,,,,,,,,,,,,,,,,,,,,,,,,,,,,,,,,,,,,,,,,,,,,,,,,,,,,,,,,,,,,,,,,
29,,,,,,,r38,,r38,r38,,r38,,,,,,,,,,,,,,,,,,,,,,,,,,,,,,,,,,,,,,,,,,,,,,,,,,,,,,,,,,,,,,,,,,,,,,
30,s107,,,,,,,,,,,,,,s108,,,,,,,,,,,,,,,,,,,,,,,109,110,111,,,,,,,,,112,,,,,,,,,,,,,,,,,,,,,,,,,,,,,,,,,
31,,,,,,,,,,s113,,,,,,,,,,,,,,,,,,,,,,,,,,,,,,,,,,,,,,,,,,,,,,,,,,,,,,,,,,,,,,,,,,,,,,,,
32,,,s114,,,,,,,,,,,,,,,,,,,,,,,,,,,,,,,,,,,,,,,,,,,,,,,,,,,,,,,,,,,,,,,,,,,,,,,,,,,,,,,
33,s115,,,,,,,,,,,,,,,,,,,,,,,,,,,,,,,,,,,,,,,,,,,,,,,,,,,,,,,,,,,,,,,,,,,,,,,,,,,,,,,,,
34,s15,,,,,,,,,,,,,,s16,,,,,,,,,,,,,,,,,,,,,,,116,18,19,,,,,,,,,117,,,,,,,,,,,,,,,,,,,,,,,,,,,,,,,,,
35,r12,,,,,,,r12,,,,,,,,,,,,,,,,,,,,,,,,r12,,,r12,r12,,,,,,,,,,,,,,,,,,,,,,,,,,,,,,,,,,,,,,,,,,,,,,
36,r13,,,,,,,r13,,,,,,,,,,,,,,,,,,,,,,,,r13,,,r13,r13,,,,,,,,,,,,,,,,,,,,,,,,,,,,,,,,,,,,,,,,,,,,,,
37,,,,,,,,s118,,,,,,,,,,,,,,,,,,,,,,,,,,,,,,,,,,,,,,,,,,,,,,,,,,,,,,,,,,,,,,,,,,,,,,,,,,
38,,,,,,,,r9,,,,,,,,,,,,,,,,,,,,,,,,,,,,,,,,,,,,,,,,,,,,,,,,,,,,,,,,,,,,,,,,,,,,,,,,,,
39,s32,,,,,,,r10,,,,,,,,,,,,,,,,,,,,,,,,s33,,,s2,s3,,,,,,,,,,34,35,,,,,,36,,,,,,,,,,,,,,,,,,,,,,,,,,,119,39,40
40,r14,,,,,,,r14,,,,,,,,,,,,,,,,,,,,,,,,r14,,,r14,r14,,,,,,,,,,,,,,,,,,,,,,,,,,,,,,,,,,,,,,,,,,,,,,
41,,,s120,,r72,,,,,r72,r72,,r72,r72,r72,r72,r72,r72,r72,r72,r72,r72,r72,r72,r72,,r72,,,,,,,,,,,,,,,,,,,,,,,,,,,,,,,,,,,,,,,,,,,,,,,,,,,,,,,
42,,,,,r67,,,,,r67,r67,,r67,r67,r67,r67,r67,r67,r67,r67,r67,r67,r67,r67,r67,,r67,,,,,,,,,,,,,,,,,,,,,,,,,,,,,,,,,,,,,,,,,,,,,,,,,,,,,,,
43,s121,s122,s123,,,,,,,,,,s46,s47,s48,,,,,,,,,,,s49,,,,,,,,,,,,,,,,,,,,,,,,,,,,,,,,,,,124,125,126,127,,,128,,129,,130,,131,,132,133,,,,,,
44,s41,s42,s43,,,,s44,r52,,s45,,,s46,s47,s48,,,,,,,,,,,s49,,s50,,s51,s52,s33,s53,s54,s2,s3,,,,,,,,55,s56,57,58,,,,,,,,,,59,60,134,62,63,64,65,66,,,67,,68,,69,,70,,71,72,,,,,,
45,r56,r56,r56,,,,r56,r56,,r56,,,r56,r56,r56,,,,,,,,,,,r56,,r56,,r56,r56,r56,r56,r56,r56,r56,,,,,,,,,r56,,,,,,,,,,,,,,,,,,,,,,,,,,,,,,,,,,,,,
46,r79,r79,r79,,,,,,,,,,r79,r79,r79,,,,,,,,,,,r79,,,,,,,,,,,,,,,,,,,,,,,,,,,,,,,,,,,,,,,,,,,,,,,,,,,,,,,,
47,r80,r80,r80,,,,,,,,,,r80,r80,r80,,,,,,,,,,,r80,,,,,,,,,,,,,,,,,,,,,,,,,,,,,,,,,,,,,,,,,,,,,,,,,,,,,,,,
48,r82,r82,r82,,,,,,,,,,r82,r82,r82,,,,,,,,,,,r82,,,,,,,,,,,,,,,,,,,,,,,,,,,,,,,,,,,,,,,,,,,,,,,,,,,,,,,,
49,r81,r81,r81,,,,,,,,,,r81,r81,r81,,,,,,,,,,,r81,,,,,,,,,,,,,,,,,,,,,,,,,,,,,,,,,,,,,,,,,,,,,,,,,,,,,,,,
50,,,s135,,,,,,,,,,,,,,,,,,,,,,,,,,,,,,,,,,,,,,,,,,,,,,,,,,,,,,,,,,,,,,,,,,,,,,,,,,,,,,,
51,,,s136,,,,,,,,,,,,,,,,,,,,,,,,,,,,,,,,,,,,,,,,,,,,,,,,,,,,,,,,,,,,,,,,,,,,,,,,,,,,,,,
52,s41,s42,s43,,,,,,,s137,,,s46,s47,s48,,,,,,,,,,,s49,,,,,,,,,,,,,,,,,,,,,,,,,,,,,,,,,,,138,64,65,66,,,67,,68,,69,,70,,71,72,,,,,,
53,,,,,,,,,,s139,,,,,,,,,,,,,,,,,,,,,,,,,,,,,,,,,,,,,,,,,,,,,,,,,,,,,,,,,,,,,,,,,,,,,,,,
54,,,,,,,,,,s140,,,,,,,,,,,,,,,,,,,,,,,,,,,,,,,,,,,,,,,,,,,,,,,,,,,,,,,,,,,,,,,,,,,,,,,,
55,r53,r53,r53,,,,r53,r53,,r53,,,r53,r53,r53,,,,,,,,,,,r53,,r53,,r53,r53,r53,r53,r53,r53,r53,,,,,,,,,r53,,,,,,,,,,,,,,,,,,,,,,,,,,,,,,,,,,,,,
56,r17,r17,r17,,,,r17,r17,,r17,,,r17,r17,r17,,,,,,,,,,,r17,,r17,,r17,r17,r17,r17,r17,r17,r17,,,,,,,,,r17,,,,,,,,,,,,,,,,,,,,,,,,,,,,,,,,,,,,,
57,s107,,,,,,,,,,,,,,s108,,,,,,,,,,,,,,,,,,,,,,,109,110,111,,,,,,,,,141,,,,,,,,,,,,,,,,,,,,,,,,,,,,,,,,,
58,r18,r18,r18,,,,r18,r18,,r18,,,r18,r18,r18,,,,,,,,,,,r18,,r18,,r18,r18,r18,r18,r18,r18,r18,,,,,,,,,r18,,,,,,,,,,,,,,,,,,,,,,,,,,,,,,,,,,,,,
59,r57,r57,r57,,,,r57,r57,,r57,,,r57,r57,r57,,,,,,,,,,,r57,,r57,,r57,r57,r57,r57,r57,r57,r57,,,,,,,,,r57,,,,,,,,,,,,,,,,,,,,,,,,,,,,,,,,,,,,,
60,s41,s42,s43,,,,s44,r52,,s45,,,s46,s47,s48,,,,,,,,,,,s49,,s50,,s51,s52,s33,s53,s54,s2,s3,,,,,,,,55,s56,57,58,,,,,,,,,,59,60,142,62,63,64,65,66,,,67,,68,,69,,70,,71,72,,,,,,
61,,,,,,,,s143,,,,,,,,,,,,,,,,,,,,,,,,,,,,,,,,,,,,,,,,,,,,,,,,,,,,,,,,,,,,,,,,,,,,,,,,,,
62,r54,r54,r54,,,,r54,r54,,r54,,,r54,r54,r54,,,,,,,,,,,r54,,r54,,r54,r54,r54,r54,r54,r54,r54,,,,,,,,,r54,,,,,,,,,,,,,,,,,,,,,,,,,,,,,,,,,,,,,
63,,,,,,,,,,s144,s145,,,,,,,,,,,,,,,,s146,,,,,,,,,,,,,,,,,,,,,,,,,,,,,,,,,,,,,,,,,,,,,,,,,,,,,,,
64,,,,,s147,,,,,r69,r69,,r69,r69,r69,r69,r69,r69,r69,r69,r69,r69,r69,r69,r69,,r69,,,,,,,,,,,,,,,,,,,,,,,,,,,,,,,,,,,,,,,,,,,,,,,,,,,,,,,
65,,,,,,,,,,r86,r86,,r86,r86,r86,r86,r86,r86,r86,r86,r86,r86,r86,r86,r86,,r86,,,,,,,,,,,,,,,,,,,,,,,,,,,,,,,,,,,,,,,,,,,,,,,,,,,,,,,
66,s41,s42,s43,,,,,,,,,,s46,s47,s48,,,,,,,,,,,s49,,,,,,,,,,,,,,,,,,,,,,,,,,,,,,,,,,,,64,148,66,,,,,,,,,,,,,,,,,,
67,,,,,,,,,,r91,r91,,r91,r91,s149,s150,s151,r91,r91,r91,r91,r91,r91,r91,r91,,r91,,,,,,,,,,,,,,,,,,,,,,,,,,,,,,,,,,,,,,,,,152,,,,,,,,,,,,,,
68,,,,,,,,,,r95,r95,,s153,s154,,,,r95,r95,r95,r95,r95,r95,r95,r95,,r95,,,,,,,,,,,,,,,,,,,,,,,,,,,,,,,,,,,,,,,,,,,155,,,,,,,,,,,,
69,,,,,,,,,,r102,r102,,,,,,,r102,r102,s156,s157,s158,s159,r102,r102,,r102,,,,,,,,,,,,,,,,,,,,,,,,,,,,,,,,,,,,,,,,,,,,,160,,,,,,,,,,
70,,,,,,,,,,r106,r106,,,,,,,s161,s162,,,,,r106,r106,,r106,,,,,,,,,,,,,,,,,,,,,,,,,,,,,,,,,,,,,,,,,,,,,,,163,,,,,,,,
71,,,,,,,,,,r108,r108,,,,,,,,,,,,,s164,r108,,r108,,,,,,,,,,,,,,,,,,,,,,,,,,,,,,,,,,,,,,,,,,,,,,,,,,,,,,,
72,,,,,,,,,,r65,r65,,,,,,,,,,,,,,s165,,r65,,,,,,,,,,,,,,,,,,,,,,,,,,,,,,,,,,,,,,,,,,,,,,,,,,,,,,,
73,,,s166,,r72,,,,r72,r72,r72,,r72,r72,r72,r72,r72,r72,r72,r72,r72,r72,r72,r72,r72,,r72,,,,,,,,,,,,,,,,,,,,,,,,,,,,,,,,,,,,,,,,,,,,,,,,,,,,,,,
74,,,,,r67,,,,r67,r67,r67,,r67,r67,r67,r67,r67,r67,r67,r67,r67,r67,r67,r67,r67,,r67,,,,,,,,,,,,,,,,,,,,,,,,,,,,,,,,,,,,,,,,,,,,,,,,,,,,,,,
75,s121,s122,s123,,,,,,,,,,s46,s47,s48,,,,,,,,,,,s49,,,,,,,,,,,,,,,,,,,,,,,,,,,,,,,,,,,167,125,126,127,,,128,,129,,130,,131,,132,133,,,,,,
76,s168,s169,s170,,,,s171,r30,,,,,s46,s47,s48,,,,,,,,,,,s49,,,,,,,,,,,,,,,,,,,,,,,,172,173,,,,,,,,,,174,175,176,177,,,178,,179,,180,,181,,182,183,,,,,,
77,,,,,,,,,r26,r26,,,,,,,,,,,,,,,,,,,,,,,,,,,,,,,,,,,,,,,,,,,,,,,,,,,,,,,,,,,,,,,,,,,,,,,,
78,,,,,,,,,r27,r27,s184,,,,,,,,,,,,,,,,s185,,,,,,,,,,,,,,,,,,,,,,,,,,,,,,,,,,,,,,,,,,,,,,,,,,,,,,,
79,,,,,s186,,,,r69,r69,r69,,r69,r69,r69,r69,r69,r69,r69,r69,r69,r69,r69,r69,r69,,r69,,,,,,,,,,,,,,,,,,,,,,,,,,,,,,,,,,,,,,,,,,,,,,,,,,,,,,,
80,,,,,,,,,r86,r86,r86,,r86,r86,r86,r86,r86,r86,r86,r86,r86,r86,r86,r86,r86,,r86,,,,,,,,,,,,,,,,,,,,,,,,,,,,,,,,,,,,,,,,,,,,,,,,,,,,,,,
81,s73,s74,s75,,,,,,,,,,s46,s47,s48,,,,,,,,,,,s49,,,,,,,,,,,,,,,,,,,,,,,,,,,,,,,,,,,,79,187,81,,,,,,,,,,,,,,,,,,
82,,,,,,,,,r91,r91,r91,,r91,r91,s149,s150,s151,r91,r91,r91,r91,r91,r91,r91,r91,,r91,,,,,,,,,,,,,,,,,,,,,,,,,,,,,,,,,,,,,,,,,188,,,,,,,,,,,,,,
83,,,,,,,,,r95,r95,r95,,s153,s154,,,,r95,r95,r95,r95,r95,r95,r95,r95,,r95,,,,,,,,,,,,,,,,,,,,,,,,,,,,,,,,,,,,,,,,,,,189,,,,,,,,,,,,
84,,,,,,,,,r102,r102,r102,,,,,,,r102,r102,s156,s157,s158,s159,r102,r102,,r102,,,,,,,,,,,,,,,,,,,,,,,,,,,,,,,,,,,,,,,,,,,,,190,,,,,,,,,,
85,,,,,,,,,r106,r106,r106,,,,,,,s161,s162,,,,,r106,r106,,r106,,,,,,,,,,,,,,,,,,,,,,,,,,,,,,,,,,,,,,,,,,,,,,,191,,,,,,,,
86,,,,,,,,,r108,r108,r108,,,,,,,,,,,,,s192,r108,,r108,,,,,,,,,,,,,,,,,,,,,,,,,,,,,,,,,,,,,,,,,,,,,,,,,,,,,,,
87,,,,,,,,,r65,r65,r65,,,,,,,,,,,,,,s193,,r65,,,,,,,,,,,,,,,,,,,,,,,,,,,,,,,,,,,,,,,,,,,,,,,,,,,,,,,
88,,,,,,,r43,,r43,r43,,r43,,,,,,,,,,,,,,,,,,,,,,,,,,,,,,,,,,,,,,,,,,,,,,,,,,,,,,,,,,,,,,,,,,,,,,
89,s194,,,,,,,,,,,,,,s195,,,,,,,,,,,,,,,,,,,,,,,196,197,198,,,,,,,,,,,,,,,,,,,,,,,,,,,,,,,,,,,,,,,,,,
90,,,,s199,,,,,,,,,,,,,,,,,,,,,,,,,,,,,,,,,,,,,,,,,,,,,,,,,,,,,,,,,,,,,,,,,,,,,,,,,,,,,,
91,,,,r44,,,,,s200,,,,,,,,,,,,,,,,,,,,,,,,,,,,,,,,,,,,,,,,,,,,,,201,,,,,,,,,,,,,,,,,,,,,,,,,,,
92,,,s202,,r72,r72,,,,,r72,,r72,r72,r72,r72,r72,r72,r72,r72,r72,r72,r72,r72,r72,,r72,,,,,,,,,,,,,,,,,,,,,,,,,,,,,,,,,,,,,,,,,,,,,,,,,,,,,,,
93,,,,,r67,r67,,,,,r67,,r67,r67,r67,r67,r67,r67,r67,r67,r67,r67,r67,r67,r67,,r67,,,,,,,,,,,,,,,,,,,,,,,,,,,,,,,,,,,,,,,,,,,,,,,,,,,,,,,
94,s121,s122,s123,,,,,,,,,,s46,s47,s48,,,,,,,,,,,s49,,,,,,,,,,,,,,,,,,,,,,,,,,,,,,,,,,,203,125,126,127,,,128,,129,,130,,131,,132,133,,,,,,
95,,,,,s27,,,,,,,,,,,,,,,,,,,,,,,,,,,,,,,,,,,,,204,,,,,,,,,,,,,,,,,,,,,,,,,,,,,,,,,,,,,,,,
96,,,,,,r110,,,,,s205,,,,,,,,,,,,,,,,s206,,,,,,,,,,,,,,,,,,,,,,,,,,,,,,,,,,,,,,,,,,,,,,,,,,,,,,,
97,,,,,s207,r69,,,,,r69,,r69,r69,r69,r69,r69,r69,r69,r69,r69,r69,r69,r69,r69,,r69,,,,,,,,,,,,,,,,,,,,,,,,,,,,,,,,,,,,,,,,,,,,,,,,,,,,,,,
98,,,,,,r86,,,,,r86,,r86,r86,r86,r86,r86,r86,r86,r86,r86,r86,r86,r86,r86,,r86,,,,,,,,,,,,,,,,,,,,,,,,,,,,,,,,,,,,,,,,,,,,,,,,,,,,,,,
99,s92,s93,s94,,,,,,,,,,s46,s47,s48,,,,,,,,,,,s49,,,,,,,,,,,,,,,,,,,,,,,,,,,,,,,,,,,,97,208,99,,,,,,,,,,,,,,,,,,
100,,,,,,r91,,,,,r91,,r91,r91,s149,s150,s151,r91,r91,r91,r91,r91,r91,r91,r91,,r91,,,,,,,,,,,,,,,,,,,,,,,,,,,,,,,,,,,,,,,,,209,,,,,,,,,,,,,,
101,,,,,,r95,,,,,r95,,s153,s154,,,,r95,r95,r95,r95,r95,r95,r95,r95,,r95,,,,,,,,,,,,,,,,,,,,,,,,,,,,,,,,,,,,,,,,,,,210,,,,,,,,,,,,
102,,,,,,r102,,,,,r102,,,,,,,r102,r102,s156,s157,s158,s159,r102,r102,,r102,,,,,,,,,,,,,,,,,,,,,,,,,,,,,,,,,,,,,,,,,,,,,211,,,,,,,,,,
103,,,,,,r106,,,,,r106,,,,,,,s161,s162,,,,,r106,r106,,r106,,,,,,,,,,,,,,,,,,,,,,,,,,,,,,,,,,,,,,,,,,,,,,,212,,,,,,,,
104,,,,,,r108,,,,,r108,,,,,,,,,,,,,s213,r108,,r108,,,,,,,,,,,,,,,,,,,,,,,,,,,,,,,,,,,,,,,,,,,,,,,,,,,,,,,
105,,,,,,r65,,,,,r65,,,,,,,,,,,,,,s214,,r65,,,,,,,,,,,,,,,,,,,,,,,,,,,,,,,,,,,,,,,,,,,,,,,,,,,,,,,
106,,,,,,s215,,,,,,,,,,,,,,,,,,,,,,,,,,,,,,,,,,,,,,,,,,,,,,,,,,,,,,,,,,,,,,,,,,,,,,,,,,,,
107,,,r49,,r49,,,,r49,r49,,r49,,,,,,,,,,,,,,,,,,,,,,,,,,,,,,,,,,,,,,,,,,,,,,,,,,,,,,,,,,,,,,,,,,,,,,
108,s107,,,,,,,,,,,,,,s108,,,,,,,,,,,,,,,,,,,,,,,216,110,111,,,,,,,,,,,,,,,,,,,,,,,,,,,,,,,,,,,,,,,,,,
109,,,,,,,,,r25,r25,,s24,,,,,,,,,,,,,,,,,,,,,,,,,,,,,,,,,,,,,,,,,,,,,,,,,,,,,,,,,,,,,,,,,,,,,,
110,,,s217,,s218,,,,r37,r37,,r37,,,,,,,,,,,,,,,,,,,,,,,,,,,,,219,220,,,,,,,,,,,,,,,,,,,,,,,,,,,,,,,,,,,,,,,,
111,,,,,,,,,r35,r35,,r35,,,,,,,,,,,,,,,,,,,,,,,,,,,,,,,,,,,,,,,,,,,,,,,,,,,,,,,,,,,,,,,,,,,,,,
112,,,,,,,,,s30,r24,,,,,,,,,,,,,,,,,,,,,,,,,,,,,,,,,,,,,,221,,,,,,,,,,,,,,,,,,,,,,,,,,,,,,,,,,
113,,,,,,,,,,,,,,,,,,,,,,,,,,,,,,,,r22,,,r22,r22,r22,,,,,,,,r22,,,,,,,,,,,,,,,,,,,,,,,,,,,,,,,,,,,,,
114,,,,s222,,,,,,,,,,,,,,,,,,,,,,,,,,,,s33,,,s2,s3,,,,,,,,,,89,,,,,,,,223,,91,,,,,,,,,,,,,,,,,,,,,,,,,,
115,r21,,,,,,,,,,,,,,r21,,,,,,,,,,,,,,,,,,,,,,,,,,,,,,,,,,,,,,,,,,,,,,,,,,,,,,,,,,,,,,,,,,,
116,,,,,,,s224,,r25,r25,,s24,,,,,,,,,,,,,,,,,,,,,,,,,,,,,,,,,,,,,,,,,,,,,225,,,,,,,,,,,,,,,,,,,,,,,,,
117,,,,,,,,,s30,r24,,,,,,,,,,,,,,,,,,,,,,,,,,,,,,,,,,,,,,226,,,,,,,,,,,,,,,,,,,,,,,,,,,,,,,,,,
118,,,,,,,,,,s227,,,,,,,,,,,,,,,,,,,,,,,,,,,,,,,,,,,,,,,,,,,,,,,,,,,,,,,,,,,,,,,,,,,,,,,,
119,,,,,,,,r11,,,,,,,,,,,,,,,,,,,,,,,,,,,,,,,,,,,,,,,,,,,,,,,,,,,,,,,,,,,,,,,,,,,,,,,,,,
120,s228,s229,s230,s231,,,,,,,,,s46,s47,s48,,,,,,,,,,,s49,,,,,,,,,,,,,,,,,,,,,,,,,,,,,,,,,,,232,233,234,235,236,,237,,238,,239,,240,,241,242,,,,,,
121,,,s243,r72,r72,,,,,,r72,,r72,r72,r72,r72,r72,r72,r72,r72,r72,r72,r72,r72,r72,,r72,,,,,,,,,,,,,,,,,,,,,,,,,,,,,,,,,,,,,,,,,,,,,,,,,,,,,,,
122,,,,r67,r67,,,,,,r67,,r67,r67,r67,r67,r67,r67,r67,r67,r67,r67,r67,r67,r67,,r67,,,,,,,,,,,,,,,,,,,,,,,,,,,,,,,,,,,,,,,,,,,,,,,,,,,,,,,
123,s121,s122,s123,,,,,,,,,,s46,s47,s48,,,,,,,,,,,s49,,,,,,,,,,,,,,,,,,,,,,,,,,,,,,,,,,,244,125,126,127,,,128,,129,,130,,131,,132,133,,,,,,
124,,,,s245,,,,,,,s246,,,,,,,,,,,,,,,,s247,,,,,,,,,,,,,,,,,,,,,,,,,,,,,,,,,,,,,,,,,,,,,,,,,,,,,,,
125,,,,r69,s248,,,,,,r69,,r69,r69,r69,r69,r69,r69,r69,r69,r69,r69,r69,r69,r69,,r69,,,,,,,,,,,,,,,,,,,,,,,,,,,,,,,,,,,,,,,,,,,,,,,,,,,,,,,
126,,,,r86,,,,,,,r86,,r86,r86,r86,r86,r86,r86,r86,r86,r86,r86,r86,r86,r86,,r86,,,,,,,,,,,,,,,,,,,,,,,,,,,,,,,,,,,,,,,,,,,,,,,,,,,,,,,
127,s121,s122,s123,,,,,,,,,,s46,s47,s48,,,,,,,,,,,s49,,,,,,,,,,,,,,,,,,,,,,,,,,,,,,,,,,,,125,249,127,,,,,,,,,,,,,,,,,,
128,,,,r91,,,,,,,r91,,r91,r91,s149,s150,s151,r91,r91,r91,r91,r91,r91,r91,r91,,r91,,,,,,,,,,,,,,,,,,,,,,,,,,,,,,,,,,,,,,,,,250,,,,,,,,,,,,,,
129,,,,r95,,,,,,,r95,,s153,s154,,,,r95,r95,r95,r95,r95,r95,r95,r95,,r95,,,,,,,,,,,,,,,,,,,,,,,,,,,,,,,,,,,,,,,,,,,251,,,,,,,,,,,,
130,,,,r102,,,,,,,r102,,,,,,,r102,r102,s156,s157,s158,s159,r102,r102,,r102,,,,,,,,,,,,,,,,,,,,,,,,,,,,,,,,,,,,,,,,,,,,,252,,,,,,,,,,
131,,,,r106,,,,,,,r106,,,,,,,s161,s162,,,,,r106,r106,,r106,,,,,,,,,,,,,,,,,,,,,,,,,,,,,,,,,,,,,,,,,,,,,,,253,,,,,,,,
132,,,,r108,,,,,,,r108,,,,,,,,,,,,,s254,r108,,r108,,,,,,,,,,,,,,,,,,,,,,,,,,,,,,,,,,,,,,,,,,,,,,,,,,,,,,,
133,,,,r65,,,,,,,r65,,,,,,,,,,,,,,s255,,r65,,,,,,,,,,,,,,,,,,,,,,,,,,,,,,,,,,,,,,,,,,,,,,,,,,,,,,,
134,,,,,,,,s256,,,,,,,,,,,,,,,,,,,,,,,,,,,,,,,,,,,,,,,,,,,,,,,,,,,,,,,,,,,,,,,,,,,,,,,,,,
135,s121,s122,s123,,,,,,,,,,s46,s47,s48,,,,,,,,,,,s49,,,,,,,,,,,,,,,,,,,,,,,,,,,,,,,,,,,257,125,126,127,,,128,,129,,130,,131,,132,133,,,,,,
136,s121,s122,s123,,,,,,,,,,s46,s47,s48,,,,,,,,,,,s49,,,,,,,,,,,,,,,,,,,,,,,,,,,,,,,,,,,258,125,126,127,,,128,,129,,130,,131,,132,133,,,,,,
137,r64,r64,r64,,,,r64,r64,,r64,,,r64,r64,r64,,,,,,,,,,,r64,,r64,,r64,r64,r64,r64,r64,r64,r64,,,,,,,,,r64,,,,,,,,,,,,,,,,,,,,,,,,,,,,,,,,,,,,,
138,,,,,,,,,,s259,s145,,,,,,,,,,,,,,,,s146,,,,,,,,,,,,,,,,,,,,,,,,,,,,,,,,,,,,,,,,,,,,,,,,,,,,,,,
139,r61,r61,r61,,,,r61,r61,,r61,,,r61,r61,r61,,,,,,,,,,,r61,,r61,,r61,r61,r61,r61,r61,r61,r61,,,,,,,,,r61,,,,,,,,,,,,,,,,,,,,,,,,,,,,,,,,,,,,,
140,r62,r62,r62,,,,r62,r62,,r62,,,r62,r62,r62,,,,,,,,,,,r62,,r62,,r62,r62,r62,r62,r62,r62,r62,,,,,,,,,r62,,,,,,,,,,,,,,,,,,,,,,,,,,,,,,,,,,,,,
141,,,,,,,,,s30,r24,,,,,,,,,,,,,,,,,,,,,,,,,,,,,,,,,,,,,,260,,,,,,,,,,,,,,,,,,,,,,,,,,,,,,,,,,
142,,,,,,,,r51,,,,,,,,,,,,,,,,,,,,,,,,,,,,,,,,,,,,,,,,,,,,,,,,,,,,,,,,,,,,,,,,,,,,,,,,,,
143,,,,,,,,,,,,,,,,,,,,,,,,,,,,,,,,r50,,,r50,r50,r50,,,,,,,,r50,,,,,,,,,,,,,,,,,,,,,,,,,,,,,,,,,,,,,
144,r55,r55,r55,,,,r55,r55,,r55,,,r55,r55,r55,,,,,,,,,,,r55,,r55,,r55,r55,r55,r55,r55,r55,r55,,,,,,,,,r55,,,,,,,,,,,,,,,,,,,,,,,,,,,,,,,,,,,,,
145,s261,,,,,,,,,,,,,,,,,,,,,,,,,,,,,,,,,,,,,,,,,,,,,,,,,,,,,,,,,,,,,,,,,,,,,,,,,,,,,,,,,
146,s262,,,,,,,,,,,,,,,,,,,,,,,,,,,,,,,,,,,,,,,,,,,,,,,,,,,,,,,,,,,,,,,,,,,,,,,,,,,,,,,,,
147,s92,s93,s94,,,,,,,,,,s46,s47,s48,,,,,,,,,,,s49,,,,,,,,,,,,,,,,,,,,,,,,,,,,,,,,,,,263,97,98,99,,,100,,101,,102,,103,,104,105,,,,,,
148,,,,,,,,,,r78,r78,,r78,r78,r78,r78,r78,r78,r78,r78,r78,r78,r78,r78,r78,,r78,,,,,,,,,,,,,,,,,,,,,,,,,,,,,,,,,,,,,,,,,,,,,,,,,,,,,,,
149,r88,r88,r88,,,,,,,,,,r88,r88,r88,,,,,,,,,,,r88,,,,,,,,,,,,,,,,,,,,,,,,,,,,,,,,,,,,,,,,,,,,,,,,,,,,,,,,
150,r89,r89,r89,,,,,,,,,,r89,r89,r89,,,,,,,,,,,r89,,,,,,,,,,,,,,,,,,,,,,,,,,,,,,,,,,,,,,,,,,,,,,,,,,,,,,,,
151,r90,r90,r90,,,,,,,,,,r90,r90,r90,,,,,,,,,,,r90,,,,,,,,,,,,,,,,,,,,,,,,,,,,,,,,,,,,,,,,,,,,,,,,,,,,,,,,
152,s41,s42,s43,,,,,,,,,,s46,s47,s48,,,,,,,,,,,s49,,,,,,,,,,,,,,,,,,,,,,,,,,,,,,,,,,,,64,264,66,,,,,,,,,,,,,,,,,,
153,r93,r93,r93,,,,,,,,,,r93,r93,r93,,,,,,,,,,,r93,,,,,,,,,,,,,,,,,,,,,,,,,,,,,,,,,,,,,,,,,,,,,,,,,,,,,,,,
154,r94,r94,r94,,,,,,,,,,r94,r94,r94,,,,,,,,,,,r94,,,,,,,,,,,,,,,,,,,,,,,,,,,,,,,,,,,,,,,,,,,,,,,,,,,,,,,,
155,s41,s42,s43,,,,,,,,,,s46,s47,s48,,,,,,,,,,,s49,,,,,,,,,,,,,,,,,,,,,,,,,,,,,,,,,,,,64,65,66,,,265,,,,,,,,,,,,,,,
156,r98,r98,r98,,,,,,,,,,r98,r98,r98,,,,,,,,,,,r98,,,,,,,,,,,,,,,,,,,,,,,,,,,,,,,,,,,,,,,,,,,,,,,,,,,,,,,,
157,r99,r99,r99,,,,,,,,,,r99,r99,r99,,,,,,,,,,,r99,,,,,,,,,,,,,,,,,,,,,,,,,,,,,,,,,,,,,,,,,,,,,,,,,,,,,,,,
158,r100,r100,r100,,,,,,,,,,r100,r100,r100,,,,,,,,,,,r100,,,,,,,,,,,,,,,,,,,,,,,,,,,,,,,,,,,,,,,,,,,,,,,,,,,,,,,,
159,r101,r101,r101,,,,,,,,,,r101,r101,r101,,,,,,,,,,,r101,,,,,,,,,,,,,,,,,,,,,,,,,,,,,,,,,,,,,,,,,,,,,,,,,,,,,,,,
160,s41,s42,s43,,,,,,,,,,s46,s47,s48,,,,,,,,,,,s49,,,,,,,,,,,,,,,,,,,,,,,,,,,,,,,,,,,,64,65,66,,,67,,266,,,,,,,,,,,,,
161,r104,r104,r104,,,,,,,,,,r104,r104,r104,,,,,,,,,,,r104,,,,,,,,,,,,,,,,,,,,,,,,,,,,,,,,,,,,,,,,,,,,,,,,,,,,,,,,
162,r105,r105,r105,,,,,,,,,,r105,r105,r105,,,,,,,,,,,r105,,,,,,,,,,,,,,,,,,,,,,,,,,,,,,,,,,,,,,,,,,,,,,,,,,,,,,,,
163,s41,s42,s43,,,,,,,,,,s46,s47,s48,,,,,,,,,,,s49,,,,,,,,,,,,,,,,,,,,,,,,,,,,,,,,,,,,64,65,66,,,67,,68,,267,,,,,,,,,,,
164,s41,s42,s43,,,,,,,,,,s46,s47,s48,,,,,,,,,,,s49,,,,,,,,,,,,,,,,,,,,,,,,,,,,,,,,,,,,64,65,66,,,67,,68,,69,,268,,,,,,,,,
165,s41,s42,s43,,,,,,,,,,s46,s47,s48,,,,,,,,,,,s49,,,,,,,,,,,,,,,,,,,,,,,,,,,,,,,,,,,,64,65,66,,,67,,68,,69,,70,,269,,,,,,,
166,s228,s229,s230,s270,,,,,,,,,s46,s47,s48,,,,,,,,,,,s49,,,,,,,,,,,,,,,,,,,,,,,,,,,,,,,,,,,232,233,234,235,271,,237,,238,,239,,240,,241,242,,,,,,
167,,,,s272,,,,,,,s246,,,,,,,,,,,,,,,,s247,,,,,,,,,,,,,,,,,,,,,,,,,,,,,,,,,,,,,,,,,,,,,,,,,,,,,,,
168,,,s273,,r72,,,r72,r72,,r72,,r72,r72,r72,r72,r72,r72,r72,r72,r72,r72,r72,r72,r72,,r72,,,,,,,,,,,,,,,,,,,,,,,,,,,,,,,,,,,,,,,,,,,,,,,,,,,,,,,
169,,,,,r67,,,r67,r67,,r67,,r67,r67,r67,r67,r67,r67,r67,r67,r67,r67,r67,r67,r67,,r67,,,,,,,,,,,,,,,,,,,,,,,,,,,,,,,,,,,,,,,,,,,,,,,,,,,,,,,
170,s121,s122,s123,,,,,,,,,,s46,s47,s48,,,,,,,,,,,s49,,,,,,,,,,,,,,,,,,,,,,,,,,,,,,,,,,,274,125,126,127,,,128,,129,,130,,131,,132,133,,,,,,
171,s168,s169,s170,,,,s171,r30,,,,,s46,s47,s48,,,,,,,,,,,s49,,,,,,,,,,,,,,,,,,,,,,,,172,275,,,,,,,,,,174,175,176,177,,,178,,179,,180,,181,,182,183,,,,,,
172,,,,,,,,r32,s276,,,,,,,,,,,,,,,,,,,,,,,,,,,,,,,,,,,,,,,,,,,277,,,,,,,,,,,,,,,,,,,,,,,,,,,,,,
173,,,,,,,,s278,,,,,,,,,,,,,,,,,,,,,,,,,,,,,,,,,,,,,,,,,,,,,,,,,,,,,,,,,,,,,,,,,,,,,,,,,,
174,,,,,,,,r27,r27,,s279,,,,,,,,,,,,,,,,s280,,,,,,,,,,,,,,,,,,,,,,,,,,,,,,,,,,,,,,,,,,,,,,,,,,,,,,,
175,,,,,s281,,,r69,r69,,r69,,r69,r69,r69,r69,r69,r69,r69,r69,r69,r69,r69,r69,r69,,r69,,,,,,,,,,,,,,,,,,,,,,,,,,,,,,,,,,,,,,,,,,,,,,,,,,,,,,,
176,,,,,,,,r86,r86,,r86,,r86,r86,r86,r86,r86,r86,r86,r86,r86,r86,r86,r86,r86,,r86,,,,,,,,,,,,,,,,,,,,,,,,,,,,,,,,,,,,,,,,,,,,,,,,,,,,,,,
177,s168,s169,s170,,,,,,,,,,s46,s47,s48,,,,,,,,,,,s49,,,,,,,,,,,,,,,,,,,,,,,,,,,,,,,,,,,,175,282,177,,,,,,,,,,,,,,,,,,
178,,,,,,,,r91,r91,,r91,,r91,r91,s149,s150,s151,r91,r91,r91,r91,r91,r91,r91,r91,,r91,,,,,,,,,,,,,,,,,,,,,,,,,,,,,,,,,,,,,,,,,283,,,,,,,,,,,,,,
179,,,,,,,,r95,r95,,r95,,s153,s154,,,,r95,r95,r95,r95,r95,r95,r95,r95,,r95,,,,,,,,,,,,,,,,,,,,,,,,,,,,,,,,,,,,,,,,,,,284,,,,,,,,,,,,
180,,,,,,,,r102,r102,,r102,,,,,,,r102,r102,s156,s157,s158,s159,r102,r102,,r102,,,,,,,,,,,,,,,,,,,,,,,,,,,,,,,,,,,,,,,,,,,,,285,,,,,,,,,,
181,,,,,,,,r106,r106,,r106,,,,,,,s161,s162,,,,,r106,r106,,r106,,,,,,,,,,,,,,,,,,,,,,,,,,,,,,,,,,,,,,,,,,,,,,,286,,,,,,,,
182,,,,,,,,r108,r108,,r108,,,,,,,,,,,,,s287,r108,,r108,,,,,,,,,,,,,,,,,,,,,,,,,,,,,,,,,,,,,,,,,,,,,,,,,,,,,,,
183,,,,,,,,r65,r65,,r65,,,,,,,,,,,,,,s288,,r65,,,,,,,,,,,,,,,,,,,,,,,,,,,,,,,,,,,,,,,,,,,,,,,,,,,,,,,
184,s289,,,,,,,,,,,,,,,,,,,,,,,,,,,,,,,,,,,,,,,,,,,,,,,,,,,,,,,,,,,,,,,,,,,,,,,,,,,,,,,,,
185,s290,,,,,,,,,,,,,,,,,,,,,,,,,,,,,,,,,,,,,,,,,,,,,,,,,,,,,,,,,,,,,,,,,,,,,,,,,,,,,,,,,
186,s92,s93,s94,,,,,,,,,,s46,s47,s48,,,,,,,,,,,s49,,,,,,,,,,,,,,,,,,,,,,,,,,,,,,,,,,,291,97,98,99,,,100,,101,,102,,103,,104,105,,,,,,
187,,,,,,,,,r78,r78,r78,,r78,r78,r78,r78,r78,r78,r78,r78,r78,r78,r78,r78,r78,,r78,,,,,,,,,,,,,,,,,,,,,,,,,,,,,,,,,,,,,,,,,,,,,,,,,,,,,,,
188,s73,s74,s75,,,,,,,,,,s46,s47,s48,,,,,,,,,,,s49,,,,,,,,,,,,,,,,,,,,,,,,,,,,,,,,,,,,79,292,81,,,,,,,,,,,,,,,,,,
189,s73,s74,s75,,,,,,,,,,s46,s47,s48,,,,,,,,,,,s49,,,,,,,,,,,,,,,,,,,,,,,,,,,,,,,,,,,,79,80,81,,,293,,,,,,,,,,,,,,,
190,s73,s74,s75,,,,,,,,,,s46,s47,s48,,,,,,,,,,,s49,,,,,,,,,,,,,,,,,,,,,,,,,,,,,,,,,,,,79,80,81,,,82,,294,,,,,,,,,,,,,
191,s73,s74,s75,,,,,,,,,,s46,s47,s48,,,,,,,,,,,s49,,,,,,,,,,,,,,,,,,,,,,,,,,,,,,,,,,,,79,80,81,,,82,,83,,295,,,,,,,,,,,
192,s73,s74,s75,,,,,,,,,,s46,s47,s48,,,,,,,,,,,s49,,,,,,,,,,,,,,,,,,,,,,,,,,,,,,,,,,,,79,80,81,,,82,,83,,84,,296,,,,,,,,,
193,s73,s74,s75,,,,,,,,,,s46,s47,s48,,,,,,,,,,,s49,,,,,,,,,,,,,,,,,,,,,,,,,,,,,,,,,,,,79,80,81,,,82,,83,,84,,85,,297,,,,,,,
194,,,r49,r49,r49,,,,r49,,,,,,,,,,,,,,,,,,,,,,,,,,,,,,,,,,,,,,,,,,,,,,,,,,,,,,,,,,,,,,,,,,,,,,,,,
195,s194,,,,,,,,,,,,,,s195,,,,,,,,,,,,,,,,,,,,,,,298,197,198,,,,,,,,,,,,,,,,,,,,,,,,,,,,,,,,,,,,,,,,,,
196,,,,r48,,,,,r48,,,,,,,,,,,,,,,,,,,,,,,,,,,,,,,,,,,,,,,,,,,,,,,,,,,,,,,,,,,,,,,,,,,,,,,,,
197,,,s299,r37,s300,,,,r37,,,,,,,,,,,,,,,,,,,,,,,,,,,,,,,,301,302,,,,,,,,,,,,,,,,,,,,,,,,,,,,,,,,,,,,,,,,
198,,,,r35,,,,,r35,,,,,,,,,,,,,,,,,,,,,,,,,,,,,,,,,,,,,,,,,,,,,,,,,,,,,,,,,,,,,,,,,,,,,,,,,
199,,,,,,,r42,,r42,r42,,r42,,,,,,,,,,,,,,,,,,,,,,,,,,,,,,,,,,,,,,,,,,,,,,,,,,,,,,,,,,,,,,,,,,,,,,
200,,,,,,,,,,,,,,,,,,,,,,,,,,,,,,,,s33,,,s2,s3,,,,,,,,,,89,,,,,,,,,,303,,,,,,,,,,,,,,,,,,,,,,,,,,
201,,,,r45,,,,,,,,,,,,,,,,,,,,,,,,,,,,,,,,,,,,,,,,,,,,,,,,,,,,,,,,,,,,,,,,,,,,,,,,,,,,,,
202,s228,s229,s230,s304,,,,,,,,,s46,s47,s48,,,,,,,,,,,s49,,,,,,,,,,,,,,,,,,,,,,,,,,,,,,,,,,,232,233,234,235,305,,237,,238,,239,,240,,241,242,,,,,,
203,,,,s306,,,,,,,s246,,,,,,,,,,,,,,,,s247,,,,,,,,,,,,,,,,,,,,,,,,,,,,,,,,,,,,,,,,,,,,,,,,,,,,,,,
204,,,,,,,r40,,r40,r40,,r40,,,,,,,,,,,,,,,,,,,,,,,,,,,,,,,,,,,,,,,,,,,,,,,,,,,,,,,,,,,,,,,,,,,,,,
205,s307,,,,,,,,,,,,,,,,,,,,,,,,,,,,,,,,,,,,,,,,,,,,,,,,,,,,,,,,,,,,,,,,,,,,,,,,,,,,,,,,,
206,s308,,,,,,,,,,,,,,,,,,,,,,,,,,,,,,,,,,,,,,,,,,,,,,,,,,,,,,,,,,,,,,,,,,,,,,,,,,,,,,,,,
207,s92,s93,s94,,,,,,,,,,s46,s47,s48,,,,,,,,,,,s49,,,,,,,,,,,,,,,,,,,,,,,,,,,,,,,,,,,309,97,98,99,,,100,,101,,102,,103,,104,105,,,,,,
208,,,,,,r78,,,,,r78,,r78,r78,r78,r78,r78,r78,r78,r78,r78,r78,r78,r78,r78,,r78,,,,,,,,,,,,,,,,,,,,,,,,,,,,,,,,,,,,,,,,,,,,,,,,,,,,,,,
209,s92,s93,s94,,,,,,,,,,s46,s47,s48,,,,,,,,,,,s49,,,,,,,,,,,,,,,,,,,,,,,,,,,,,,,,,,,,97,310,99,,,,,,,,,,,,,,,,,,
210,s92,s93,s94,,,,,,,,,,s46,s47,s48,,,,,,,,,,,s49,,,,,,,,,,,,,,,,,,,,,,,,,,,,,,,,,,,,97,98,99,,,311,,,,,,,,,,,,,,,
211,s92,s93,s94,,,,,,,,,,s46,s47,s48,,,,,,,,,,,s49,,,,,,,,,,,,,,,,,,,,,,,,,,,,,,,,,,,,97,98,99,,,100,,312,,,,,,,,,,,,,
212,s92,s93,s94,,,,,,,,,,s46,s47,s48,,,,,,,,,,,s49,,,,,,,,,,,,,,,,,,,,,,,,,,,,,,,,,,,,97,98,99,,,100,,101,,313,,,,,,,,,,,
213,s92,s93,s94,,,,,,,,,,s46,s47,s48,,,,,,,,,,,s49,,,,,,,,,,,,,,,,,,,,,,,,,,,,,,,,,,,,97,98,99,,,100,,101,,102,,314,,,,,,,,,
214,s92,s93,s94,,,,,,,,,,s46,s47,s48,,,,,,,,,,,s49,,,,,,,,,,,,,,,,,,,,,,,,,,,,,,,,,,,,97,98,99,,,100,,101,,102,,103,,315,,,,,,,
215,,,,,s27,,r41,,r41,r41,,r41,,,,,,,,,,,,,,,,,,,,,,,,,,,,,,316,,,,,,,,,,,,,,,,,,,,,,,,,,,,,,,,,,,,,,,,
216,,,,,,,,,r34,r34,,r34,,,,,,,,,,,,,,,,,,,,,,,,,,,,,,,,,,,,,,,,,,,,,,,,,,,,,,,,,,,,,,,,,,,,,,
217,,,,s317,,,,,,,,,,,,,,,,,,,,,,,,,,,,s33,,,s2,s3,,,,,,,,,,89,,,,,,,,318,,91,,,,,,,,,,,,,,,,,,,,,,,,,,
218,s92,s93,s94,,,s319,,,,,,,s46,s47,s48,,,,,,,,,,,s49,,,,,,,,,,,,,,,,,,,,,,,,,,,,,,,,,,,96,97,98,99,,,100,,101,,102,,103,,104,105,320,,,,,
219,,,,,,,,,r36,r36,,r36,,,,,,,,,,,,,,,,,,,,,,,,,,,,,,,,,,,,,,,,,,,,,,,,,,,,,,,,,,,,,,,,,,,,,,
220,,,,,,,,,r38,r38,,r38,,,,,,,,,,,,,,,,,,,,,,,,,,,,,,,,,,,,,,,,,,,,,,,,,,,,,,,,,,,,,,,,,,,,,,
221,,,,,,,,,,r23,,,,,,,,,,,,,,,,,,,,,,,,,,,,,,,,,,,,,,,,,,,,,,,,,,,,,,,,,,,,,,,,,,,,,,,,
222,,,,,,,s224,,,,,,,,,,,,,,,,,,,,,,,,,,,,,,,,,,,,,,,,,,,,,,,,,,321,,,,,,,,,,,,,,,,,,,,,,,,,
223,,,,s322,,,,,,,,,,,,,,,,,,,,,,,,,,,,,,,,,,,,,,,,,,,,,,,,,,,,,,,,,,,,,,,,,,,,,,,,,,,,,,
224,s41,s42,s43,,,,s44,r52,,s45,,,s46,s47,s48,,,,,,,,,,,s49,,s50,,s51,s52,s33,s53,s54,s2,s3,,,,,,,,55,s56,57,58,,,,,,,,,,59,60,323,62,63,64,65,66,,,67,,68,,69,,70,,71,72,,,,,,
225,r33,,,,,,,r33,,,,,,,,,,,,,,,,,,,,,,,,r33,,,r33,r33,,,,,,,,,,,,,,,,,,,,,,,,,,,,,,,,,,,,,,,,,,,,,,
226,,,,,,,,,,s324,,,,,,,,,,,,,,,,,,,,,,,,,,,,,,,,,,,,,,,,,,,,,,,,,,,,,,,,,,,,,,,,,,,,,,,,
227,,,,,,,,,,,,,,,,,,,,,,,,,,,,,,,,r7,,,r7,r7,r7,,,,,,,,r7,,,,,,,,,,,,,,,,,,,,,,,,,,,,,,,,,,,,,
228,,,s325,r72,r72,,,,r72,,r72,,r72,r72,r72,r72,r72,r72,r72,r72,r72,r72,r72,r72,r72,,r72,,,,,,,,,,,,,,,,,,,,,,,,,,,,,,,,,,,,,,,,,,,,,,,,,,,,,,,
229,,,,r67,r67,,,,r67,,r67,,r67,r67,r67,r67,r67,r67,r67,r67,r67,r67,r67,r67,r67,,r67,,,,,,,,,,,,,,,,,,,,,,,,,,,,,,,,,,,,,,,,,,,,,,,,,,,,,,,
230,s121,s122,s123,,,,,,,,,,s46,s47,s48,,,,,,,,,,,s49,,,,,,,,,,,,,,,,,,,,,,,,,,,,,,,,,,,326,125,126,127,,,128,,129,,130,,131,,132,133,,,,,,
231,,,,,,,,,,r77,r77,,r77,r77,r77,r77,r77,r77,r77,r77,r77,r77,r77,r77,r77,,r77,,,,,,,,,,,,,,,,,,,,,,,,,,,,,,,,,,,,,,,,,,,,,,,,,,,,,,,
232,,,,r85,,,,,s327,,s328,,,,,,,,,,,,,,,,s329,,,,,,,,,,,,,,,,,,,,,,,,,,,,,,,,,,,,,,,330,,,,,,,,,,,,,,,,
233,,,,r69,s331,,,,r69,,r69,,r69,r69,r69,r69,r69,r69,r69,r69,r69,r69,r69,r69,r69,,r69,,,,,,,,,,,,,,,,,,,,,,,,,,,,,,,,,,,,,,,,,,,,,,,,,,,,,,,
234,,,,r86,,,,,r86,,r86,,r86,r86,r86,r86,r86,r86,r86,r86,r86,r86,r86,r86,r86,,r86,,,,,,,,,,,,,,,,,,,,,,,,,,,,,,,,,,,,,,,,,,,,,,,,,,,,,,,
235,s228,s229,s230,,,,,,,,,,s46,s47,s48,,,,,,,,,,,s49,,,,,,,,,,,,,,,,,,,,,,,,,,,,,,,,,,,,233,332,235,,,,,,,,,,,,,,,,,,
236,,,,s333,,,,,,,,,,,,,,,,,,,,,,,,,,,,,,,,,,,,,,,,,,,,,,,,,,,,,,,,,,,,,,,,,,,,,,,,,,,,,,
237,,,,r91,,,,,r91,,r91,,r91,r91,s149,s150,s151,r91,r91,r91,r91,r91,r91,r91,r91,,r91,,,,,,,,,,,,,,,,,,,,,,,,,,,,,,,,,,,,,,,,,334,,,,,,,,,,,,,,
238,,,,r95,,,,,r95,,r95,,s153,s154,,,,r95,r95,r95,r95,r95,r95,r95,r95,,r95,,,,,,,,,,,,,,,,,,,,,,,,,,,,,,,,,,,,,,,,,,,335,,,,,,,,,,,,
239,,,,r102,,,,,r102,,r102,,,,,,,r102,r102,s156,s157,s158,s159,r102,r102,,r102,,,,,,,,,,,,,,,,,,,,,,,,,,,,,,,,,,,,,,,,,,,,,336,,,,,,,,,,
240,,,,r106,,,,,r106,,r106,,,,,,,s161,s162,,,,,r106,r106,,r106,,,,,,,,,,,,,,,,,,,,,,,,,,,,,,,,,,,,,,,,,,,,,,,337,,,,,,,,
241,,,,r108,,,,,r108,,r108,,,,,,,,,,,,,s338,r108,,r108,,,,,,,,,,,,,,,,,,,,,,,,,,,,,,,,,,,,,,,,,,,,,,,,,,,,,,,
242,,,,r65,,,,,r65,,r65,,,,,,,,,,,,,,s339,,r65,,,,,,,,,,,,,,,,,,,,,,,,,,,,,,,,,,,,,,,,,,,,,,,,,,,,,,,
243,s228,s229,s230,s340,,,,,,,,,s46,s47,s48,,,,,,,,,,,s49,,,,,,,,,,,,,,,,,,,,,,,,,,,,,,,,,,,232,233,234,235,341,,237,,238,,239,,240,,241,242,,,,,,
244,,,,s342,,,,,,,s246,,,,,,,,,,,,,,,,s247,,,,,,,,,,,,,,,,,,,,,,,,,,,,,,,,,,,,,,,,,,,,,,,,,,,,,,,
245,,,,,r66,,,,,r66,r66,,r66,r66,r66,r66,r66,r66,r66,r66,r66,r66,r66,r66,r66,,r66,,,,,,,,,,,,,,,,,,,,,,,,,,,,,,,,,,,,,,,,,,,,,,,,,,,,,,,
246,s343,,,,,,,,,,,,,,,,,,,,,,,,,,,,,,,,,,,,,,,,,,,,,,,,,,,,,,,,,,,,,,,,,,,,,,,,,,,,,,,,,
247,s344,,,,,,,,,,,,,,,,,,,,,,,,,,,,,,,,,,,,,,,,,,,,,,,,,,,,,,,,,,,,,,,,,,,,,,,,,,,,,,,,,
248,s92,s93,s94,,,,,,,,,,s46,s47,s48,,,,,,,,,,,s49,,,,,,,,,,,,,,,,,,,,,,,,,,,,,,,,,,,345,97,98,99,,,100,,101,,102,,103,,104,105,,,,,,
249,,,,r78,,,,,,,r78,,r78,r78,r78,r78,r78,r78,r78,r78,r78,r78,r78,r78,r78,,r78,,,,,,,,,,,,,,,,,,,,,,,,,,,,,,,,,,,,,,,,,,,,,,,,,,,,,,,
250,s121,s122,s123,,,,,,,,,,s46,s47,s48,,,,,,,,,,,s49,,,,,,,,,,,,,,,,,,,,,,,,,,,,,,,,,,,,125,346,127,,,,,,,,,,,,,,,,,,
251,s121,s122,s123,,,,,,,,,,s46,s47,s48,,,,,,,,,,,s49,,,,,,,,,,,,,,,,,,,,,,,,,,,,,,,,,,,,125,126,127,,,347,,,,,,,,,,,,,,,
252,s121,s122,s123,,,,,,,,,,s46,s47,s48,,,,,,,,,,,s49,,,,,,,,,,,,,,,,,,,,,,,,,,,,,,,,,,,,125,126,127,,,128,,348,,,,,,,,,,,,,
253,s121,s122,s123,,,,,,,,,,s46,s47,s48,,,,,,,,,,,s49,,,,,,,,,,,,,,,,,,,,,,,,,,,,,,,,,,,,125,126,127,,,128,,129,,349,,,,,,,,,,,
254,s121,s122,s123,,,,,,,,,,s46,s47,s48,,,,,,,,,,,s49,,,,,,,,,,,,,,,,,,,,,,,,,,,,,,,,,,,,125,126,127,,,128,,129,,130,,350,,,,,,,,,
255,s121,s122,s123,,,,,,,,,,s46,s47,s48,,,,,,,,,,,s49,,,,,,,,,,,,,,,,,,,,,,,,,,,,,,,,,,,,125,126,127,,,128,,129,,130,,131,,351,,,,,,,
256,r50,r50,r50,,,,r50,r50,,r50,,,r50,r50,r50,,,,,,,,,,,r50,,r50,,r50,r50,r50,r50,r50,r50,r50,,,,,,,,,r50,,,,,,,,,,,,,,,,,,,,,,,,,,,,,,,,,,,,,
257,,,,s352,,,,,,,s246,,,,,,,,,,,,,,,,s247,,,,,,,,,,,,,,,,,,,,,,,,,,,,,,,,,,,,,,,,,,,,,,,,,,,,,,,
258,,,,s353,,,,,,,s246,,,,,,,,,,,,,,,,s247,,,,,,,,,,,,,,,,,,,,,,,,,,,,,,,,,,,,,,,,,,,,,,,,,,,,,,,
259,r63,r63,r63,,,,r63,r63,,r63,,,r63,r63,r63,,,,,,,,,,,r63,,r63,,r63,r63,r63,r63,r63,r63,r63,,,,,,,,,r63,,,,,,,,,,,,,,,,,,,,,,,,,,,,,,,,,,,,,
260,,,,,,,,,,s354,,,,,,,,,,,,,,,,,,,,,,,,,,,,,,,,,,,,,,,,,,,,,,,,,,,,,,,,,,,,,,,,,,,,,,,,
261,,,s355,,,,,,,r74,r74,,,,,,,,,,,,,,,,r74,,,,,,,,,,,,,,,,,,,,,,,,,,,,,,,,,,,,,,,,,,,,,,,,,,,,,,,
262,,,s356,,,,,,,r70,r70,,,,,,,,,,,,,,,,r70,,,,,,,,,,,,,,,,,,,,,,,,,,,,,,,,,,,,,,,,,,,,,,,,,,,,,,,
263,,,,,,s357,,,,,s205,,,,,,,,,,,,,,,,s206,,,,,,,,,,,,,,,,,,,,,,,,,,,,,,,,,,,,,,,,,,,,,,,,,,,,,,,
264,,,,,,,,,,r87,r87,,r87,r87,r87,r87,r87,r87,r87,r87,r87,r87,r87,r87,r87,,r87,,,,,,,,,,,,,,,,,,,,,,,,,,,,,,,,,,,,,,,,,,,,,,,,,,,,,,,
265,,,,,,,,,,r92,r92,,r92,r92,s149,s150,s151,r92,r92,r92,r92,r92,r92,r92,r92,,r92,,,,,,,,,,,,,,,,,,,,,,,,,,,,,,,,,,,,,,,,,152,,,,,,,,,,,,,,
266,,,,,,,,,,r96,r96,,s153,s154,,,,r96,r96,r96,r96,r96,r96,r96,r96,,r96,,,,,,,,,,,,,,,,,,,,,,,,,,,,,,,,,,,,,,,,,,,155,,,,,,,,,,,,
267,,,,,,,,,,r103,r103,,,,,,,r103,r103,s156,s157,s158,s159,r103,r103,,r103,,,,,,,,,,,,,,,,,,,,,,,,,,,,,,,,,,,,,,,,,,,,,160,,,,,,,,,,
268,,,,,,,,,,r107,r107,,,,,,,s161,s162,,,,,r107,r107,,r107,,,,,,,,,,,,,,,,,,,,,,,,,,,,,,,,,,,,,,,,,,,,,,,163,,,,,,,,
269,,,,,,,,,,r109,r109,,,,,,,,,,,,,s164,r109,,r109,,,,,,,,,,,,,,,,,,,,,,,,,,,,,,,,,,,,,,,,,,,,,,,,,,,,,,,
270,,,,,,,,,r77,r77,r77,,r77,r77,r77,r77,r77,r77,r77,r77,r77,r77,r77,r77,r77,,r77,,,,,,,,,,,,,,,,,,,,,,,,,,,,,,,,,,,,,,,,,,,,,,,,,,,,,,,
271,,,,s358,,,,,,,,,,,,,,,,,,,,,,,,,,,,,,,,,,,,,,,,,,,,,,,,,,,,,,,,,,,,,,,,,,,,,,,,,,,,,,
272,,,,,r66,,,,r66,r66,r66,,r66,r66,r66,r66,r66,r66,r66,r66,r66,r66,r66,r66,r66,,r66,,,,,,,,,,,,,,,,,,,,,,,,,,,,,,,,,,,,,,,,,,,,,,,,,,,,,,,
273,s228,s229,s230,s359,,,,,,,,,s46,s47,s48,,,,,,,,,,,s49,,,,,,,,,,,,,,,,,,,,,,,,,,,,,,,,,,,232,233,234,235,360,,237,,238,,239,,240,,241,242,,,,,,
274,,,,s361,,,,,,,s246,,,,,,,,,,,,,,,,s247,,,,,,,,,,,,,,,,,,,,,,,,,,,,,,,,,,,,,,,,,,,,,,,,,,,,,,,
275,,,,,,,,s362,,,,,,,,,,,,,,,,,,,,,,,,,,,,,,,,,,,,,,,,,,,,,,,,,,,,,,,,,,,,,,,,,,,,,,,,,,
276,s168,s169,s170,,,,s171,,,,,,s46,s47,s48,,,,,,,,,,,s49,,,,,,,,,,,,,,,,,,,,,,,,363,,,,,,,,,,,174,175,176,177,,,178,,179,,180,,181,,182,183,,,,,,
277,,,,,,,,r29,,,,,,,,,,,,,,,,,,,,,,,,,,,,,,,,,,,,,,,,,,,,,,,,,,,,,,,,,,,,,,,,,,,,,,,,,,
278,,,,,,,,,r28,r28,,,,,,,,,,,,,,,,,,,,,,,,,,,,,,,,,,,,,,,,,,,,,,,,,,,,,,,,,,,,,,,,,,,,,,,,
279,s364,,,,,,,,,,,,,,,,,,,,,,,,,,,,,,,,,,,,,,,,,,,,,,,,,,,,,,,,,,,,,,,,,,,,,,,,,,,,,,,,,
280,s365,,,,,,,,,,,,,,,,,,,,,,,,,,,,,,,,,,,,,,,,,,,,,,,,,,,,,,,,,,,,,,,,,,,,,,,,,,,,,,,,,
281,s92,s93,s94,,,,,,,,,,s46,s47,s48,,,,,,,,,,,s49,,,,,,,,,,,,,,,,,,,,,,,,,,,,,,,,,,,366,97,98,99,,,100,,101,,102,,103,,104,105,,,,,,
282,,,,,,,,r78,r78,,r78,,r78,r78,r78,r78,r78,r78,r78,r78,r78,r78,r78,r78,r78,,r78,,,,,,,,,,,,,,,,,,,,,,,,,,,,,,,,,,,,,,,,,,,,,,,,,,,,,,,
283,s168,s169,s170,,,,,,,,,,s46,s47,s48,,,,,,,,,,,s49,,,,,,,,,,,,,,,,,,,,,,,,,,,,,,,,,,,,175,367,177,,,,,,,,,,,,,,,,,,
284,s168,s169,s170,,,,,,,,,,s46,s47,s48,,,,,,,,,,,s49,,,,,,,,,,,,,,,,,,,,,,,,,,,,,,,,,,,,175,176,177,,,368,,,,,,,,,,,,,,,
285,s168,s169,s170,,,,,,,,,,s46,s47,s48,,,,,,,,,,,s49,,,,,,,,,,,,,,,,,,,,,,,,,,,,,,,,,,,,175,176,177,,,178,,369,,,,,,,,,,,,,
286,s168,s169,s170,,,,,,,,,,s46,s47,s48,,,,,,,,,,,s49,,,,,,,,,,,,,,,,,,,,,,,,,,,,,,,,,,,,175,176,177,,,178,,179,,370,,,,,,,,,,,
287,s168,s169,s170,,,,,,,,,,s46,s47,s48,,,,,,,,,,,s49,,,,,,,,,,,,,,,,,,,,,,,,,,,,,,,,,,,,175,176,177,,,178,,179,,180,,371,,,,,,,,,
288,s168,s169,s170,,,,,,,,,,s46,s47,s48,,,,,,,,,,,s49,,,,,,,,,,,,,,,,,,,,,,,,,,,,,,,,,,,,175,176,177,,,178,,179,,180,,181,,372,,,,,,,
289,,,s373,,,,,,r74,r74,r74,,,,,,,,,,,,,,,,r74,,,,,,,,,,,,,,,,,,,,,,,,,,,,,,,,,,,,,,,,,,,,,,,,,,,,,,,
290,,,s374,,,,,,r70,r70,r70,,,,,,,,,,,,,,,,r70,,,,,,,,,,,,,,,,,,,,,,,,,,,,,,,,,,,,,,,,,,,,,,,,,,,,,,,
291,,,,,,s375,,,,,s205,,,,,,,,,,,,,,,,s206,,,,,,,,,,,,,,,,,,,,,,,,,,,,,,,,,,,,,,,,,,,,,,,,,,,,,,,
292,,,,,,,,,r87,r87,r87,,r87,r87,r87,r87,r87,r87,r87,r87,r87,r87,r87,r87,r87,,r87,,,,,,,,,,,,,,,,,,,,,,,,,,,,,,,,,,,,,,,,,,,,,,,,,,,,,,,
293,,,,,,,,,r92,r92,r92,,r92,r92,s149,s150,s151,r92,r92,r92,r92,r92,r92,r92,r92,,r92,,,,,,,,,,,,,,,,,,,,,,,,,,,,,,,,,,,,,,,,,188,,,,,,,,,,,,,,
294,,,,,,,,,r96,r96,r96,,s153,s154,,,,r96,r96,r96,r96,r96,r96,r96,r96,,r96,,,,,,,,,,,,,,,,,,,,,,,,,,,,,,,,,,,,,,,,,,,189,,,,,,,,,,,,
295,,,,,,,,,r103,r103,r103,,,,,,,r103,r103,s156,s157,s158,s159,r103,r103,,r103,,,,,,,,,,,,,,,,,,,,,,,,,,,,,,,,,,,,,,,,,,,,,190,,,,,,,,,,
296,,,,,,,,,r107,r107,r107,,,,,,,s161,s162,,,,,r107,r107,,r107,,,,,,,,,,,,,,,,,,,,,,,,,,,,,,,,,,,,,,,,,,,,,,,191,,,,,,,,
297,,,,,,,,,r109,r109,r109,,,,,,,,,,,,,s192,r109,,r109,,,,,,,,,,,,,,,,,,,,,,,,,,,,,,,,,,,,,,,,,,,,,,,,,,,,,,,
298,,,,r34,,,,,r34,,,,,,,,,,,,,,,,,,,,,,,,,,,,,,,,,,,,,,,,,,,,,,,,,,,,,,,,,,,,,,,,,,,,,,,,,
299,,,,s376,,,,,,,,,,,,,,,,,,,,,,,,,,,,s33,,,s2,s3,,,,,,,,,,89,,,,,,,,377,,91,,,,,,,,,,,,,,,,,,,,,,,,,,
300,s92,s93,s94,,,s378,,,,,,,s46,s47,s48,,,,,,,,,,,s49,,,,,,,,,,,,,,,,,,,,,,,,,,,,,,,,,,,96,97,98,99,,,100,,101,,102,,103,,104,105,379,,,,,
301,,,,r36,,,,,r36,,,,,,,,,,,,,,,,,,,,,,,,,,,,,,,,,,,,,,,,,,,,,,,,,,,,,,,,,,,,,,,,,,,,,,,,,
302,,,,r38,,,,,r38,,,,,,,,,,,,,,,,,,,,,,,,,,,,,,,,,,,,,,,,,,,,,,,,,,,,,,,,,,,,,,,,,,,,,,,,,
303,,,,r47,,,,,s200,,,,,,,,,,,,,,,,,,,,,,,,,,,,,,,,,,,,,,,,,,,,,,380,,,,,,,,,,,,,,,,,,,,,,,,,,,
304,,,,,,r77,,,,,r77,,r77,r77,r77,r77,r77,r77,r77,r77,r77,r77,r77,r77,r77,,r77,,,,,,,,,,,,,,,,,,,,,,,,,,,,,,,,,,,,,,,,,,,,,,,,,,,,,,,
305,,,,s381,,,,,,,,,,,,,,,,,,,,,,,,,,,,,,,,,,,,,,,,,,,,,,,,,,,,,,,,,,,,,,,,,,,,,,,,,,,,,,
306,,,,,r66,r66,,,,,r66,,r66,r66,r66,r66,r66,r66,r66,r66,r66,r66,r66,r66,r66,,r66,,,,,,,,,,,,,,,,,,,,,,,,,,,,,,,,,,,,,,,,,,,,,,,,,,,,,,,
307,,,s382,,,r74,,,,,r74,,,,,,,,,,,,,,,,r74,,,,,,,,,,,,,,,,,,,,,,,,,,,,,,,,,,,,,,,,,,,,,,,,,,,,,,,
308,,,s383,,,r70,,,,,r70,,,,,,,,,,,,,,,,r70,,,,,,,,,,,,,,,,,,,,,,,,,,,,,,,,,,,,,,,,,,,,,,,,,,,,,,,
309,,,,,,s384,,,,,s205,,,,,,,,,,,,,,,,s206,,,,,,,,,,,,,,,,,,,,,,,,,,,,,,,,,,,,,,,,,,,,,,,,,,,,,,,
310,,,,,,r87,,,,,r87,,r87,r87,r87,r87,r87,r87,r87,r87,r87,r87,r87,r87,r87,,r87,,,,,,,,,,,,,,,,,,,,,,,,,,,,,,,,,,,,,,,,,,,,,,,,,,,,,,,
311,,,,,,r92,,,,,r92,,r92,r92,s149,s150,s151,r92,r92,r92,r92,r92,r92,r92,r92,,r92,,,,,,,,,,,,,,,,,,,,,,,,,,,,,,,,,,,,,,,,,209,,,,,,,,,,,,,,
312,,,,,,r96,,,,,r96,,s153,s154,,,,r96,r96,r96,r96,r96,r96,r96,r96,,r96,,,,,,,,,,,,,,,,,,,,,,,,,,,,,,,,,,,,,,,,,,,210,,,,,,,,,,,,
313,,,,,,r103,,,,,r103,,,,,,,r103,r103,s156,s157,s158,s159,r103,r103,,r103,,,,,,,,,,,,,,,,,,,,,,,,,,,,,,,,,,,,,,,,,,,,,211,,,,,,,,,,
314,,,,,,r107,,,,,r107,,,,,,,s161,s162,,,,,r107,r107,,r107,,,,,,,,,,,,,,,,,,,,,,,,,,,,,,,,,,,,,,,,,,,,,,,212,,,,,,,,
315,,,,,,r109,,,,,r109,,,,,,,,,,,,,s213,r109,,r109,,,,,,,,,,,,,,,,,,,,,,,,,,,,,,,,,,,,,,,,,,,,,,,,,,,,,,,
316,,,,,,,r39,,r39,r39,,r39,,,,,,,,,,,,,,,,,,,,,,,,,,,,,,,,,,,,,,,,,,,,,,,,,,,,,,,,,,,,,,,,,,,,,,
317,,,,,,,,,r43,r43,,r43,,,,,,,,,,,,,,,,,,,,,,,,,,,,,,,,,,,,,,,,,,,,,,,,,,,,,,,,,,,,,,,,,,,,,,
318,,,,s385,,,,,,,,,,,,,,,,,,,,,,,,,,,,,,,,,,,,,,,,,,,,,,,,,,,,,,,,,,,,,,,,,,,,,,,,,,,,,,
319,,,,,s218,,,,,,,,,,,,,,,,,,,,,,,,,,,,,,,,,,,,,386,,,,,,,,,,,,,,,,,,,,,,,,,,,,,,,,,,,,,,,,
320,,,,,,s387,,,,,,,,,,,,,,,,,,,,,,,,,,,,,,,,,,,,,,,,,,,,,,,,,,,,,,,,,,,,,,,,,,,,,,,,,,,,
321,r16,,,,,,,r16,,,,,,,,,,,,,,,,,,,,,,,,r16,,,r16,r16,,,,,,,,,,,,,,,,,,,,,,,,,,,,,,,,,,,,,,,,,,,,,,
322,,,,,,,s224,,,,,,,,,,,,,,,,,,,,,,,,,,,,,,,,,,,,,,,,,,,,,,,,,,388,,,,,,,,,,,,,,,,,,,,,,,,,
323,,,,,,,,s389,,,,,,,,,,,,,,,,,,,,,,,,,,,,,,,,,,,,,,,,,,,,,,,,,,,,,,,,,,,,,,,,,,,,,,,,,,
324,r22,,,,,,,r22,,,,,,,,,,,,,,,,,,,,,,,,r22,,,r22,r22,,,,,,,,,,,,,,,,,,,,,,,,,,,,,,,,,,,,,,,,,,,,,,
325,s228,s229,s230,s390,,,,,,,,,s46,s47,s48,,,,,,,,,,,s49,,,,,,,,,,,,,,,,,,,,,,,,,,,,,,,,,,,232,233,234,235,391,,237,,238,,239,,240,,241,242,,,,,,
326,,,,s392,,,,,,,s246,,,,,,,,,,,,,,,,s247,,,,,,,,,,,,,,,,,,,,,,,,,,,,,,,,,,,,,,,,,,,,,,,,,,,,,,,
327,s228,s229,s230,,,,,,,,,,s46,s47,s48,,,,,,,,,,,s49,,,,,,,,,,,,,,,,,,,,,,,,,,,,,,,,,,,393,233,234,235,,,237,,238,,239,,240,,241,242,,,,,,
328,s394,,,,,,,,,,,,,,,,,,,,,,,,,,,,,,,,,,,,,,,,,,,,,,,,,,,,,,,,,,,,,,,,,,,,,,,,,,,,,,,,,
329,s395,,,,,,,,,,,,,,,,,,,,,,,,,,,,,,,,,,,,,,,,,,,,,,,,,,,,,,,,,,,,,,,,,,,,,,,,,,,,,,,,,
330,,,,r83,,,,,,,,,,,,,,,,,,,,,,,,,,,,,,,,,,,,,,,,,,,,,,,,,,,,,,,,,,,,,,,,,,,,,,,,,,,,,,
331,s92,s93,s94,,,,,,,,,,s46,s47,s48,,,,,,,,,,,s49,,,,,,,,,,,,,,,,,,,,,,,,,,,,,,,,,,,396,97,98,99,,,100,,101,,102,,103,,104,105,,,,,,
332,,,,r78,,,,,r78,,r78,,r78,r78,r78,r78,r78,r78,r78,r78,r78,r78,r78,r78,r78,,r78,,,,,,,,,,,,,,,,,,,,,,,,,,,,,,,,,,,,,,,,,,,,,,,,,,,,,,,
333,,,,,,,,,,r76,r76,,r76,r76,r76,r76,r76,r76,r76,r76,r76,r76,r76,r76,r76,,r76,,,,,,,,,,,,,,,,,,,,,,,,,,,,,,,,,,,,,,,,,,,,,,,,,,,,,,,
334,s228,s229,s230,,,,,,,,,,s46,s47,s48,,,,,,,,,,,s49,,,,,,,,,,,,,,,,,,,,,,,,,,,,,,,,,,,,233,397,235,,,,,,,,,,,,,,,,,,
335,s228,s229,s230,,,,,,,,,,s46,s47,s48,,,,,,,,,,,s49,,,,,,,,,,,,,,,,,,,,,,,,,,,,,,,,,,,,233,234,235,,,398,,,,,,,,,,,,,,,
336,s228,s229,s230,,,,,,,,,,s46,s47,s48,,,,,,,,,,,s49,,,,,,,,,,,,,,,,,,,,,,,,,,,,,,,,,,,,233,234,235,,,237,,399,,,,,,,,,,,,,
337,s228,s229,s230,,,,,,,,,,s46,s47,s48,,,,,,,,,,,s49,,,,,,,,,,,,,,,,,,,,,,,,,,,,,,,,,,,,233,234,235,,,237,,238,,400,,,,,,,,,,,
338,s228,s229,s230,,,,,,,,,,s46,s47,s48,,,,,,,,,,,s49,,,,,,,,,,,,,,,,,,,,,,,,,,,,,,,,,,,,233,234,235,,,237,,238,,239,,401,,,,,,,,,
339,s228,s229,s230,,,,,,,,,,s46,s47,s48,,,,,,,,,,,s49,,,,,,,,,,,,,,,,,,,,,,,,,,,,,,,,,,,,233,234,235,,,237,,238,,239,,240,,402,,,,,,,
340,,,,r77,,,,,,,r77,,r77,r77,r77,r77,r77,r77,r77,r77,r77,r77,r77,r77,r77,,r77,,,,,,,,,,,,,,,,,,,,,,,,,,,,,,,,,,,,,,,,,,,,,,,,,,,,,,,
341,,,,s403,,,,,,,,,,,,,,,,,,,,,,,,,,,,,,,,,,,,,,,,,,,,,,,,,,,,,,,,,,,,,,,,,,,,,,,,,,,,,,
342,,,,r66,r66,,,,,,r66,,r66,r66,r66,r66,r66,r66,r66,r66,r66,r66,r66,r66,r66,,r66,,,,,,,,,,,,,,,,,,,,,,,,,,,,,,,,,,,,,,,,,,,,,,,,,,,,,,,
343,,,s404,r74,,,,,,,r74,,,,,,,,,,,,,,,,r74,,,,,,,,,,,,,,,,,,,,,,,,,,,,,,,,,,,,,,,,,,,,,,,,,,,,,,,
344,,,s405,r70,,,,,,,r70,,,,,,,,,,,,,,,,r70,,,,,,,,,,,,,,,,,,,,,,,,,,,,,,,,,,,,,,,,,,,,,,,,,,,,,,,
345,,,,,,s406,,,,,s205,,,,,,,,,,,,,,,,s206,,,,,,,,,,,,,,,,,,,,,,,,,,,,,,,,,,,,,,,,,,,,,,,,,,,,,,,
346,,,,r87,,,,,,,r87,,r87,r87,r87,r87,r87,r87,r87,r87,r87,r87,r87,r87,r87,,r87,,,,,,,,,,,,,,,,,,,,,,,,,,,,,,,,,,,,,,,,,,,,,,,,,,,,,,,
347,,,,r92,,,,,,,r92,,r92,r92,s149,s150,s151,r92,r92,r92,r92,r92,r92,r92,r92,,r92,,,,,,,,,,,,,,,,,,,,,,,,,,,,,,,,,,,,,,,,,250,,,,,,,,,,,,,,
348,,,,r96,,,,,,,r96,,s153,s154,,,,r96,r96,r96,r96,r96,r96,r96,r96,,r96,,,,,,,,,,,,,,,,,,,,,,,,,,,,,,,,,,,,,,,,,,,251,,,,,,,,,,,,
349,,,,r103,,,,,,,r103,,,,,,,r103,r103,s156,s157,s158,s159,r103,r103,,r103,,,,,,,,,,,,,,,,,,,,,,,,,,,,,,,,,,,,,,,,,,,,,252,,,,,,,,,,
350,,,,r107,,,,,,,r107,,,,,,,s161,s162,,,,,r107,r107,,r107,,,,,,,,,,,,,,,,,,,,,,,,,,,,,,,,,,,,,,,,,,,,,,,253,,,,,,,,
351,,,,r109,,,,,,,r109,,,,,,,,,,,,,s254,r109,,r109,,,,,,,,,,,,,,,,,,,,,,,,,,,,,,,,,,,,,,,,,,,,,,,,,,,,,,,
352,s41,s42,s43,,,,s407,,,s408,,,s46,s47,s48,,,,,,,,,,,s49,,s409,,s410,s411,,s412,s413,,,,,,,,,,,,,,,,,,,,,,,414,,,415,416,64,65,66,,,67,,68,,69,,70,,71,72,,,,,,
353,s41,s42,s43,,,,s44,,,s45,,,s46,s47,s48,,,,,,,,,,,s49,,s50,,s51,s52,,s53,s54,,,,,,,,,,,,,,,,,,,,,,,59,,,417,63,64,65,66,,,67,,68,,69,,70,,71,72,,,,,,
354,r22,r22,r22,,,,r22,r22,,r22,,,r22,r22,r22,,,,,,,,,,,r22,,r22,,r22,r22,r22,r22,r22,r22,r22,,,,,,,,,r22,,,,,,,,,,,,,,,,,,,,,,,,,,,,,,,,,,,,,
355,s228,s229,s230,,,,,,,,,,s46,s47,s48,,,,,,,,,,,s49,,,,,,,,,,,,,,,,,,,,,,,,,,,,,,,,,,,232,233,234,235,418,,237,,238,,239,,240,,241,242,,,,,,
356,s228,s229,s230,,,,,,,,,,s46,s47,s48,,,,,,,,,,,s49,,,,,,,,,,,,,,,,,,,,,,,,,,,,,,,,,,,232,233,234,235,419,,237,,238,,239,,240,,241,242,,,,,,
357,,,,,r73,,,,,r73,r73,,r73,r73,r73,r73,r73,r73,r73,r73,r73,r73,r73,r73,r73,,r73,,,,,,,,,,,,,,,,,,,,,,,,,,,,,,,,,,,,,,,,,,,,,,,,,,,,,,,
358,,,,,,,,,r76,r76,r76,,r76,r76,r76,r76,r76,r76,r76,r76,r76,r76,r76,r76,r76,,r76,,,,,,,,,,,,,,,,,,,,,,,,,,,,,,,,,,,,,,,,,,,,,,,,,,,,,,,
359,,,,,,,,r77,r77,,r77,,r77,r77,r77,r77,r77,r77,r77,r77,r77,r77,r77,r77,r77,,r77,,,,,,,,,,,,,,,,,,,,,,,,,,,,,,,,,,,,,,,,,,,,,,,,,,,,,,,
360,,,,s420,,,,,,,,,,,,,,,,,,,,,,,,,,,,,,,,,,,,,,,,,,,,,,,,,,,,,,,,,,,,,,,,,,,,,,,,,,,,,,
361,,,,,r66,,,r66,r66,,r66,,r66,r66,r66,r66,r66,r66,r66,r66,r66,r66,r66,r66,r66,,r66,,,,,,,,,,,,,,,,,,,,,,,,,,,,,,,,,,,,,,,,,,,,,,,,,,,,,,,
362,,,,,,,,r28,r28,,,,,,,,,,,,,,,,,,,,,,,,,,,,,,,,,,,,,,,,,,,,,,,,,,,,,,,,,,,,,,,,,,,,,,,,,
363,,,,,,,,r32,s276,,,,,,,,,,,,,,,,,,,,,,,,,,,,,,,,,,,,,,,,,,,421,,,,,,,,,,,,,,,,,,,,,,,,,,,,,,
364,,,s422,,,,,r74,r74,,r74,,,,,,,,,,,,,,,,r74,,,,,,,,,,,,,,,,,,,,,,,,,,,,,,,,,,,,,,,,,,,,,,,,,,,,,,,
365,,,s423,,,,,r70,r70,,r70,,,,,,,,,,,,,,,,r70,,,,,,,,,,,,,,,,,,,,,,,,,,,,,,,,,,,,,,,,,,,,,,,,,,,,,,,
366,,,,,,s424,,,,,s205,,,,,,,,,,,,,,,,s206,,,,,,,,,,,,,,,,,,,,,,,,,,,,,,,,,,,,,,,,,,,,,,,,,,,,,,,
367,,,,,,,,r87,r87,,r87,,r87,r87,r87,r87,r87,r87,r87,r87,r87,r87,r87,r87,r87,,r87,,,,,,,,,,,,,,,,,,,,,,,,,,,,,,,,,,,,,,,,,,,,,,,,,,,,,,,
368,,,,,,,,r92,r92,,r92,,r92,r92,s149,s150,s151,r92,r92,r92,r92,r92,r92,r92,r92,,r92,,,,,,,,,,,,,,,,,,,,,,,,,,,,,,,,,,,,,,,,,283,,,,,,,,,,,,,,
369,,,,,,,,r96,r96,,r96,,s153,s154,,,,r96,r96,r96,r96,r96,r96,r96,r96,,r96,,,,,,,,,,,,,,,,,,,,,,,,,,,,,,,,,,,,,,,,,,,284,,,,,,,,,,,,
370,,,,,,,,r103,r103,,r103,,,,,,,r103,r103,s156,s157,s158,s159,r103,r103,,r103,,,,,,,,,,,,,,,,,,,,,,,,,,,,,,,,,,,,,,,,,,,,,285,,,,,,,,,,
371,,,,,,,,r107,r107,,r107,,,,,,,s161,s162,,,,,r107,r107,,r107,,,,,,,,,,,,,,,,,,,,,,,,,,,,,,,,,,,,,,,,,,,,,,,286,,,,,,,,
372,,,,,,,,r109,r109,,r109,,,,,,,,,,,,,s287,r109,,r109,,,,,,,,,,,,,,,,,,,,,,,,,,,,,,,,,,,,,,,,,,,,,,,,,,,,,,,
373,s228,s229,s230,,,,,,,,,,s46,s47,s48,,,,,,,,,,,s49,,,,,,,,,,,,,,,,,,,,,,,,,,,,,,,,,,,232,233,234,235,425,,237,,238,,239,,240,,241,242,,,,,,
374,s228,s229,s230,,,,,,,,,,s46,s47,s48,,,,,,,,,,,s49,,,,,,,,,,,,,,,,,,,,,,,,,,,,,,,,,,,232,233,234,235,426,,237,,238,,239,,240,,241,242,,,,,,
375,,,,,r73,,,,r73,r73,r73,,r73,r73,r73,r73,r73,r73,r73,r73,r73,r73,r73,r73,r73,,r73,,,,,,,,,,,,,,,,,,,,,,,,,,,,,,,,,,,,,,,,,,,,,,,,,,,,,,,
376,,,,r43,,,,,r43,,,,,,,,,,,,,,,,,,,,,,,,,,,,,,,,,,,,,,,,,,,,,,,,,,,,,,,,,,,,,,,,,,,,,,,,,
377,,,,s427,,,,,,,,,,,,,,,,,,,,,,,,,,,,,,,,,,,,,,,,,,,,,,,,,,,,,,,,,,,,,,,,,,,,,,,,,,,,,,
378,,,,,s300,,,,,,,,,,,,,,,,,,,,,,,,,,,,,,,,,,,,,428,,,,,,,,,,,,,,,,,,,,,,,,,,,,,,,,,,,,,,,,
379,,,,,,s429,,,,,,,,,,,,,,,,,,,,,,,,,,,,,,,,,,,,,,,,,,,,,,,,,,,,,,,,,,,,,,,,,,,,,,,,,,,,
380,,,,r46,,,,,,,,,,,,,,,,,,,,,,,,,,,,,,,,,,,,,,,,,,,,,,,,,,,,,,,,,,,,,,,,,,,,,,,,,,,,,,
381,,,,,,r76,,,,,r76,,r76,r76,r76,r76,r76,r76,r76,r76,r76,r76,r76,r76,r76,,r76,,,,,,,,,,,,,,,,,,,,,,,,,,,,,,,,,,,,,,,,,,,,,,,,,,,,,,,
382,s228,s229,s230,,,,,,,,,,s46,s47,s48,,,,,,,,,,,s49,,,,,,,,,,,,,,,,,,,,,,,,,,,,,,,,,,,232,233,234,235,430,,237,,238,,239,,240,,241,242,,,,,,
383,s228,s229,s230,,,,,,,,,,s46,s47,s48,,,,,,,,,,,s49,,,,,,,,,,,,,,,,,,,,,,,,,,,,,,,,,,,232,233,234,235,431,,237,,238,,239,,240,,241,242,,,,,,
384,,,,,r73,r73,,,,,r73,,r73,r73,r73,r73,r73,r73,r73,r73,r73,r73,r73,r73,r73,,r73,,,,,,,,,,,,,,,,,,,,,,,,,,,,,,,,,,,,,,,,,,,,,,,,,,,,,,,
385,,,,,,,,,r42,r42,,r42,,,,,,,,,,,,,,,,,,,,,,,,,,,,,,,,,,,,,,,,,,,,,,,,,,,,,,,,,,,,,,,,,,,,,,
386,,,,,,,,,r40,r40,,r40,,,,,,,,,,,,,,,,,,,,,,,,,,,,,,,,,,,,,,,,,,,,,,,,,,,,,,,,,,,,,,,,,,,,,,
387,,,,,s218,,,,r41,r41,,r41,,,,,,,,,,,,,,,,,,,,,,,,,,,,,,432,,,,,,,,,,,,,,,,,,,,,,,,,,,,,,,,,,,,,,,,
388,r15,,,,,,,r15,,,,,,,,,,,,,,,,,,,,,,,,r15,,,r15,r15,,,,,,,,,,,,,,,,,,,,,,,,,,,,,,,,,,,,,,,,,,,,,,
389,r50,,,,,,,r50,,,,,,,,,,,,,,,,,,,,,,,,r50,,,r50,r50,,,,,,,,,,,,,,,,,,,,,,,,,,,,,,,,,,,,,,,,,,,,,,
390,,,,r77,,,,,r77,,r77,,r77,r77,r77,r77,r77,r77,r77,r77,r77,r77,r77,r77,r77,,r77,,,,,,,,,,,,,,,,,,,,,,,,,,,,,,,,,,,,,,,,,,,,,,,,,,,,,,,
391,,,,s433,,,,,,,,,,,,,,,,,,,,,,,,,,,,,,,,,,,,,,,,,,,,,,,,,,,,,,,,,,,,,,,,,,,,,,,,,,,,,,
392,,,,r66,r66,,,,r66,,r66,,r66,r66,r66,r66,r66,r66,r66,r66,r66,r66,r66,r66,r66,,r66,,,,,,,,,,,,,,,,,,,,,,,,,,,,,,,,,,,,,,,,,,,,,,,,,,,,,,,
393,,,,r85,,,,,s327,,s328,,,,,,,,,,,,,,,,s329,,,,,,,,,,,,,,,,,,,,,,,,,,,,,,,,,,,,,,,434,,,,,,,,,,,,,,,,
394,,,s435,r74,,,,,r74,,r74,,,,,,,,,,,,,,,,r74,,,,,,,,,,,,,,,,,,,,,,,,,,,,,,,,,,,,,,,,,,,,,,,,,,,,,,,
395,,,s436,r70,,,,,r70,,r70,,,,,,,,,,,,,,,,r70,,,,,,,,,,,,,,,,,,,,,,,,,,,,,,,,,,,,,,,,,,,,,,,,,,,,,,,
396,,,,,,s437,,,,,s205,,,,,,,,,,,,,,,,s206,,,,,,,,,,,,,,,,,,,,,,,,,,,,,,,,,,,,,,,,,,,,,,,,,,,,,,,
397,,,,r87,,,,,r87,,r87,,r87,r87,r87,r87,r87,r87,r87,r87,r87,r87,r87,r87,r87,,r87,,,,,,,,,,,,,,,,,,,,,,,,,,,,,,,,,,,,,,,,,,,,,,,,,,,,,,,
398,,,,r92,,,,,r92,,r92,,r92,r92,s149,s150,s151,r92,r92,r92,r92,r92,r92,r92,r92,,r92,,,,,,,,,,,,,,,,,,,,,,,,,,,,,,,,,,,,,,,,,334,,,,,,,,,,,,,,
399,,,,r96,,,,,r96,,r96,,s153,s154,,,,r96,r96,r96,r96,r96,r96,r96,r96,,r96,,,,,,,,,,,,,,,,,,,,,,,,,,,,,,,,,,,,,,,,,,,335,,,,,,,,,,,,
400,,,,r103,,,,,r103,,r103,,,,,,,r103,r103,s156,s157,s158,s159,r103,r103,,r103,,,,,,,,,,,,,,,,,,,,,,,,,,,,,,,,,,,,,,,,,,,,,336,,,,,,,,,,
401,,,,r107,,,,,r107,,r107,,,,,,,s161,s162,,,,,r107,r107,,r107,,,,,,,,,,,,,,,,,,,,,,,,,,,,,,,,,,,,,,,,,,,,,,,337,,,,,,,,
402,,,,r109,,,,,r109,,r109,,,,,,,,,,,,,s338,r109,,r109,,,,,,,,,,,,,,,,,,,,,,,,,,,,,,,,,,,,,,,,,,,,,,,,,,,,,,,
403,,,,r76,,,,,,,r76,,r76,r76,r76,r76,r76,r76,r76,r76,r76,r76,r76,r76,r76,,r76,,,,,,,,,,,,,,,,,,,,,,,,,,,,,,,,,,,,,,,,,,,,,,,,,,,,,,,
404,s228,s229,s230,,,,,,,,,,s46,s47,s48,,,,,,,,,,,s49,,,,,,,,,,,,,,,,,,,,,,,,,,,,,,,,,,,232,233,234,235,438,,237,,238,,239,,240,,241,242,,,,,,
405,s228,s229,s230,,,,,,,,,,s46,s47,s48,,,,,,,,,,,s49,,,,,,,,,,,,,,,,,,,,,,,,,,,,,,,,,,,232,233,234,235,439,,237,,238,,239,,240,,241,242,,,,,,
406,,,,r73,r73,,,,,,r73,,r73,r73,r73,r73,r73,r73,r73,r73,r73,r73,r73,r73,r73,,r73,,,,,,,,,,,,,,,,,,,,,,,,,,,,,,,,,,,,,,,,,,,,,,,,,,,,,,,
407,s41,s42,s43,,,,s44,r52,,s45,,,s46,s47,s48,,,,,,,,,,,s49,,s50,,s51,s52,s33,s53,s54,s2,s3,,,,,,,,55,s56,57,58,,,,,,,,,,59,60,440,62,63,64,65,66,,,67,,68,,69,,70,,71,72,,,,,,
408,r56,r56,r56,,,,r56,r56,,r56,,,r56,r56,r56,,,,,,,,,,,r56,,r56,r56,r56,r56,r56,r56,r56,r56,r56,,,,,,,,,r56,,,,,,,,,,,,,,,,,,,,,,,,,,,,,,,,,,,,,
409,,,s441,,,,,,,,,,,,,,,,,,,,,,,,,,,,,,,,,,,,,,,,,,,,,,,,,,,,,,,,,,,,,,,,,,,,,,,,,,,,,,,
410,,,s442,,,,,,,,,,,,,,,,,,,,,,,,,,,,,,,,,,,,,,,,,,,,,,,,,,,,,,,,,,,,,,,,,,,,,,,,,,,,,,,
411,s41,s42,s43,,,,,,,s443,,,s46,s47,s48,,,,,,,,,,,s49,,,,,,,,,,,,,,,,,,,,,,,,,,,,,,,,,,,444,64,65,66,,,67,,68,,69,,70,,71,72,,,,,,
412,,,,,,,,,,s445,,,,,,,,,,,,,,,,,,,,,,,,,,,,,,,,,,,,,,,,,,,,,,,,,,,,,,,,,,,,,,,,,,,,,,,,
413,,,,,,,,,,s446,,,,,,,,,,,,,,,,,,,,,,,,,,,,,,,,,,,,,,,,,,,,,,,,,,,,,,,,,,,,,,,,,,,,,,,,
414,r57,r57,r57,,,,r57,r57,,r57,,,r57,r57,r57,,,,,,,,,,,r57,,r57,r57,r57,r57,r57,r57,r57,r57,r57,,,,,,,,,r57,,,,,,,,,,,,,,,,,,,,,,,,,,,,,,,,,,,,,
415,r58,r58,r58,,,,r58,r58,,r58,,,r58,r58,r58,,,,,,,,,,,r58,,r58,s447,r58,r58,r58,r58,r58,r58,r58,,,,,,,,,r58,,,,,,,,,,,,,,,,,,,,,,,,,,,,,,,,,,,,,
416,,,,,,,,,,s448,s145,,,,,,,,,,,,,,,,s146,,,,,,,,,,,,,,,,,,,,,,,,,,,,,,,,,,,,,,,,,,,,,,,,,,,,,,,
417,r60,r60,r60,,,,r60,r60,,r60,,,r60,r60,r60,,,,,,,,,,,r60,,r60,,r60,r60,r60,r60,r60,r60,r60,,,,,,,,,r60,,,,,,,,,,,,,,,,,,,,,,,,,,,,,,,,,,,,,
418,,,,s449,,,,,,,,,,,,,,,,,,,,,,,,,,,,,,,,,,,,,,,,,,,,,,,,,,,,,,,,,,,,,,,,,,,,,,,,,,,,,,
419,,,,s450,,,,,,,,,,,,,,,,,,,,,,,,,,,,,,,,,,,,,,,,,,,,,,,,,,,,,,,,,,,,,,,,,,,,,,,,,,,,,,
420,,,,,,,,r76,r76,,r76,,r76,r76,r76,r76,r76,r76,r76,r76,r76,r76,r76,r76,r76,,r76,,,,,,,,,,,,,,,,,,,,,,,,,,,,,,,,,,,,,,,,,,,,,,,,,,,,,,,
421,,,,,,,,r31,,,,,,,,,,,,,,,,,,,,,,,,,,,,,,,,,,,,,,,,,,,,,,,,,,,,,,,,,,,,,,,,,,,,,,,,,,
422,s228,s229,s230,,,,,,,,,,s46,s47,s48,,,,,,,,,,,s49,,,,,,,,,,,,,,,,,,,,,,,,,,,,,,,,,,,232,233,234,235,451,,237,,238,,239,,240,,241,242,,,,,,
423,s228,s229,s230,,,,,,,,,,s46,s47,s48,,,,,,,,,,,s49,,,,,,,,,,,,,,,,,,,,,,,,,,,,,,,,,,,232,233,234,235,452,,237,,238,,239,,240,,241,242,,,,,,
424,,,,,r73,,,r73,r73,,r73,,r73,r73,r73,r73,r73,r73,r73,r73,r73,r73,r73,r73,r73,,r73,,,,,,,,,,,,,,,,,,,,,,,,,,,,,,,,,,,,,,,,,,,,,,,,,,,,,,,
425,,,,s453,,,,,,,,,,,,,,,,,,,,,,,,,,,,,,,,,,,,,,,,,,,,,,,,,,,,,,,,,,,,,,,,,,,,,,,,,,,,,,
426,,,,s454,,,,,,,,,,,,,,,,,,,,,,,,,,,,,,,,,,,,,,,,,,,,,,,,,,,,,,,,,,,,,,,,,,,,,,,,,,,,,,
427,,,,r42,,,,,r42,,,,,,,,,,,,,,,,,,,,,,,,,,,,,,,,,,,,,,,,,,,,,,,,,,,,,,,,,,,,,,,,,,,,,,,,,
428,,,,r40,,,,,r40,,,,,,,,,,,,,,,,,,,,,,,,,,,,,,,,,,,,,,,,,,,,,,,,,,,,,,,,,,,,,,,,,,,,,,,,,
429,,,,r41,s300,,,,r41,,,,,,,,,,,,,,,,,,,,,,,,,,,,,,,,,455,,,,,,,,,,,,,,,,,,,,,,,,,,,,,,,,,,,,,,,,
430,,,,s456,,,,,,,,,,,,,,,,,,,,,,,,,,,,,,,,,,,,,,,,,,,,,,,,,,,,,,,,,,,,,,,,,,,,,,,,,,,,,,
431,,,,s457,,,,,,,,,,,,,,,,,,,,,,,,,,,,,,,,,,,,,,,,,,,,,,,,,,,,,,,,,,,,,,,,,,,,,,,,,,,,,,
432,,,,,,,,,r39,r39,,r39,,,,,,,,,,,,,,,,,,,,,,,,,,,,,,,,,,,,,,,,,,,,,,,,,,,,,,,,,,,,,,,,,,,,,,
433,,,,r76,,,,,r76,,r76,,r76,r76,r76,r76,r76,r76,r76,r76,r76,r76,r76,r76,r76,,r76,,,,,,,,,,,,,,,,,,,,,,,,,,,,,,,,,,,,,,,,,,,,,,,,,,,,,,,
434,,,,r84,,,,,,,,,,,,,,,,,,,,,,,,,,,,,,,,,,,,,,,,,,,,,,,,,,,,,,,,,,,,,,,,,,,,,,,,,,,,,,
435,s228,s229,s230,,,,,,,,,,s46,s47,s48,,,,,,,,,,,s49,,,,,,,,,,,,,,,,,,,,,,,,,,,,,,,,,,,232,233,234,235,458,,237,,238,,239,,240,,241,242,,,,,,
436,s228,s229,s230,,,,,,,,,,s46,s47,s48,,,,,,,,,,,s49,,,,,,,,,,,,,,,,,,,,,,,,,,,,,,,,,,,232,233,234,235,459,,237,,238,,239,,240,,241,242,,,,,,
437,,,,r73,r73,,,,r73,,r73,,r73,r73,r73,r73,r73,r73,r73,r73,r73,r73,r73,r73,r73,,r73,,,,,,,,,,,,,,,,,,,,,,,,,,,,,,,,,,,,,,,,,,,,,,,,,,,,,,,
438,,,,s460,,,,,,,,,,,,,,,,,,,,,,,,,,,,,,,,,,,,,,,,,,,,,,,,,,,,,,,,,,,,,,,,,,,,,,,,,,,,,,
439,,,,s461,,,,,,,,,,,,,,,,,,,,,,,,,,,,,,,,,,,,,,,,,,,,,,,,,,,,,,,,,,,,,,,,,,,,,,,,,,,,,,
440,,,,,,,,s462,,,,,,,,,,,,,,,,,,,,,,,,,,,,,,,,,,,,,,,,,,,,,,,,,,,,,,,,,,,,,,,,,,,,,,,,,,
441,s121,s122,s123,,,,,,,,,,s46,s47,s48,,,,,,,,,,,s49,,,,,,,,,,,,,,,,,,,,,,,,,,,,,,,,,,,463,125,126,127,,,128,,129,,130,,131,,132,133,,,,,,
442,s121,s122,s123,,,,,,,,,,s46,s47,s48,,,,,,,,,,,s49,,,,,,,,,,,,,,,,,,,,,,,,,,,,,,,,,,,464,125,126,127,,,128,,129,,130,,131,,132,133,,,,,,
443,r64,r64,r64,,,,r64,r64,,r64,,,r64,r64,r64,,,,,,,,,,,r64,,r64,r64,r64,r64,r64,r64,r64,r64,r64,,,,,,,,,r64,,,,,,,,,,,,,,,,,,,,,,,,,,,,,,,,,,,,,
444,,,,,,,,,,s465,s145,,,,,,,,,,,,,,,,s146,,,,,,,,,,,,,,,,,,,,,,,,,,,,,,,,,,,,,,,,,,,,,,,,,,,,,,,
445,r61,r61,r61,,,,r61,r61,,r61,,,r61,r61,r61,,,,,,,,,,,r61,,r61,r61,r61,r61,r61,r61,r61,r61,r61,,,,,,,,,r61,,,,,,,,,,,,,,,,,,,,,,,,,,,,,,,,,,,,,
446,r62,r62,r62,,,,r62,r62,,r62,,,r62,r62,r62,,,,,,,,,,,r62,,r62,r62,r62,r62,r62,r62,r62,r62,r62,,,,,,,,,r62,,,,,,,,,,,,,,,,,,,,,,,,,,,,,,,,,,,,,
447,s41,s42,s43,,,,s44,,,s45,,,s46,s47,s48,,,,,,,,,,,s49,,s50,,s51,s52,,s53,s54,,,,,,,,,,,,,,,,,,,,,,,59,,,466,63,64,65,66,,,67,,68,,69,,70,,71,72,,,,,,
448,r55,r55,r55,,,,r55,r55,,r55,,,r55,r55,r55,,,,,,,,,,,r55,,r55,r55,r55,r55,r55,r55,r55,r55,r55,,,,,,,,,r55,,,,,,,,,,,,,,,,,,,,,,,,,,,,,,,,,,,,,
449,,,,,,,,,,r75,r75,,,,,,,,,,,,,,,,r75,,,,,,,,,,,,,,,,,,,,,,,,,,,,,,,,,,,,,,,,,,,,,,,,,,,,,,,
450,,,,,,,,,,r71,r71,,,,,,,,,,,,,,,,r71,,,,,,,,,,,,,,,,,,,,,,,,,,,,,,,,,,,,,,,,,,,,,,,,,,,,,,,
451,,,,s467,,,,,,,,,,,,,,,,,,,,,,,,,,,,,,,,,,,,,,,,,,,,,,,,,,,,,,,,,,,,,,,,,,,,,,,,,,,,,,
452,,,,s468,,,,,,,,,,,,,,,,,,,,,,,,,,,,,,,,,,,,,,,,,,,,,,,,,,,,,,,,,,,,,,,,,,,,,,,,,,,,,,
453,,,,,,,,,r75,r75,r75,,,,,,,,,,,,,,,,r75,,,,,,,,,,,,,,,,,,,,,,,,,,,,,,,,,,,,,,,,,,,,,,,,,,,,,,,
454,,,,,,,,,r71,r71,r71,,,,,,,,,,,,,,,,r71,,,,,,,,,,,,,,,,,,,,,,,,,,,,,,,,,,,,,,,,,,,,,,,,,,,,,,,
455,,,,r39,,,,,r39,,,,,,,,,,,,,,,,,,,,,,,,,,,,,,,,,,,,,,,,,,,,,,,,,,,,,,,,,,,,,,,,,,,,,,,,,
456,,,,,,r75,,,,,r75,,,,,,,,,,,,,,,,r75,,,,,,,,,,,,,,,,,,,,,,,,,,,,,,,,,,,,,,,,,,,,,,,,,,,,,,,
457,,,,,,r71,,,,,r71,,,,,,,,,,,,,,,,r71,,,,,,,,,,,,,,,,,,,,,,,,,,,,,,,,,,,,,,,,,,,,,,,,,,,,,,,
458,,,,s469,,,,,,,,,,,,,,,,,,,,,,,,,,,,,,,,,,,,,,,,,,,,,,,,,,,,,,,,,,,,,,,,,,,,,,,,,,,,,,
459,,,,s470,,,,,,,,,,,,,,,,,,,,,,,,,,,,,,,,,,,,,,,,,,,,,,,,,,,,,,,,,,,,,,,,,,,,,,,,,,,,,,
460,,,,r75,,,,,,,r75,,,,,,,,,,,,,,,,r75,,,,,,,,,,,,,,,,,,,,,,,,,,,,,,,,,,,,,,,,,,,,,,,,,,,,,,,
461,,,,r71,,,,,,,r71,,,,,,,,,,,,,,,,r71,,,,,,,,,,,,,,,,,,,,,,,,,,,,,,,,,,,,,,,,,,,,,,,,,,,,,,,
462,r50,r50,r50,,,,r50,r50,,r50,,,r50,r50,r50,,,,,,,,,,,r50,,r50,r50,r50,r50,r50,r50,r50,r50,r50,,,,,,,,,r50,,,,,,,,,,,,,,,,,,,,,,,,,,,,,,,,,,,,,
463,,,,s471,,,,,,,s246,,,,,,,,,,,,,,,,s247,,,,,,,,,,,,,,,,,,,,,,,,,,,,,,,,,,,,,,,,,,,,,,,,,,,,,,,
464,,,,s472,,,,,,,s246,,,,,,,,,,,,,,,,s247,,,,,,,,,,,,,,,,,,,,,,,,,,,,,,,,,,,,,,,,,,,,,,,,,,,,,,,
465,r63,r63,r63,,,,r63,r63,,r63,,,r63,r63,r63,,,,,,,,,,,r63,,r63,r63,r63,r63,r63,r63,r63,r63,r63,,,,,,,,,r63,,,,,,,,,,,,,,,,,,,,,,,,,,,,,,,,,,,,,
466,r59,r59,r59,,,,r59,r59,,r59,,,r59,r59,r59,,,,,,,,,,,r59,,r59,,r59,r59,r59,r59,r59,r59,r59,,,,,,,,,r59,,,,,,,,,,,,,,,,,,,,,,,,,,,,,,,,,,,,,
467,,,,,,,,r75,r75,,r75,,,,,,,,,,,,,,,,r75,,,,,,,,,,,,,,,,,,,,,,,,,,,,,,,,,,,,,,,,,,,,,,,,,,,,,,,
468,,,,,,,,r71,r71,,r71,,,,,,,,,,,,,,,,r71,,,,,,,,,,,,,,,,,,,,,,,,,,,,,,,,,,,,,,,,,,,,,,,,,,,,,,,
469,,,,r75,,,,,r75,,r75,,,,,,,,,,,,,,,,r75,,,,,,,,,,,,,,,,,,,,,,,,,,,,,,,,,,,,,,,,,,,,,,,,,,,,,,,
470,,,,r71,,,,,r71,,r71,,,,,,,,,,,,,,,,r71,,,,,,,,,,,,,,,,,,,,,,,,,,,,,,,,,,,,,,,,,,,,,,,,,,,,,,,
471,s41,s42,s43,,,,s407,,,s408,,,s46,s47,s48,,,,,,,,,,,s49,,s409,,s410,s411,,s412,s413,,,,,,,,,,,,,,,,,,,,,,,414,,,473,416,64,65,66,,,67,,68,,69,,70,,71,72,,,,,,
472,s41,s42,s43,,,,s407,,,s408,,,s46,s47,s48,,,,,,,,,,,s49,,s409,,s410,s411,,s412,s413,,,,,,,,,,,,,,,,,,,,,,,414,,,474,416,64,65,66,,,67,,68,,69,,70,,71,72,,,,,,
473,r58,r58,r58,,,,r58,r58,,r58,,,r58,r58,r58,,,,,,,,,,,r58,,r58,s475,r58,r58,r58,r58,r58,r58,r58,,,,,,,,,r58,,,,,,,,,,,,,,,,,,,,,,,,,,,,,,,,,,,,,
474,r60,r60,r60,,,,r60,r60,,r60,,,r60,r60,r60,,,,,,,,,,,r60,,r60,r60,r60,r60,r60,r60,r60,r60,r60,,,,,,,,,r60,,,,,,,,,,,,,,,,,,,,,,,,,,,,,,,,,,,,,
475,s41,s42,s43,,,,s407,,,s408,,,s46,s47,s48,,,,,,,,,,,s49,,s409,,s410,s411,,s412,s413,,,,,,,,,,,,,,,,,,,,,,,414,,,476,416,64,65,66,,,67,,68,,69,,70,,71,72,,,,,,
476,r59,r59,r59,,,,r59,r59,,r59,,,r59,r59,r59,,,,,,,,,,,r59,,r59,r59,r59,r59,r59,r59,r59,r59,r59,,,,,,,,,r59,,,,,,,,,,,,,,,,,,,,,,,,,,,,,,,,,,,,,


Productions
Index,Production
0,"START  CompUnit "
1,"CompUnit  Decl "
2,"CompUnit  FuncDef "
3,"CompUnit  CompUnit Decl "
4,"CompUnit  CompUnit FuncDef "
5,"CompUnit  ClassDef "
6,"CompUnit  CompUnit ClassDef "
7,"ClassDef  KW_CLASS ID LBC ClassBody RBC SEMICOLON "
8,"ClassBody  "
9,"ClassBody  ClassMemberList "
10,"ClassMemberList  ClassMember "
11,"ClassMemberList  ClassMember ClassMemberList "
12,"ClassMember  VarDecl "
13,"ClassMember  FuncDef "
14,"ClassMember  ConstructorDef "
15,"ConstructorDef  ID LPR FuncFParams RPR Block "
16,"ConstructorDef  ID LPR RPR Block "
17,"Decl  ConstDecl "
18,"Decl  VarDecl "
19,"Type  KW_INT "
20,"Type  KW_VOID "
21,"Type  KW_CLASS ID "
22,"VarDecl  Type VarDef VarDeclTail SEMICOLON "
23,"VarDeclTail  COMMA VarDef VarDeclTail "
24,"VarDeclTail  "
25,"VarDef  Declarator "
26,"VarDef  Declarator ASSIGN InitVal "
27,"InitVal  Exp "
28,"InitVal  LBC InitValTail RBC "
29,"InitValTail  InitVal InitValTailTail "
30,"InitValTail  "
31,"InitValTailTail  COMMA InitVal InitValTailTail "
32,"InitValTailTail  "
33,"FuncDef  Type Declarator Block "
34,"Declarator  STAR Declarator "
35,"Declarator  DirectDeclarator "
36,"DirectDeclarator  SimpleDeclarator TypeSuffix "
37,"DirectDeclarator  SimpleDeclarator "
38,"TypeSuffix  TypeDeclIdxTail "
39,"TypeDeclIdxTail  LBK ConstExp RBK TypeDeclIdxTail "
40,"TypeDeclIdxTail  LBK RBK TypeDeclIdxTail "
41,"TypeDeclIdxTail  LBK ConstExp RBK "
42,"TypeSuffix  LPR FuncFParams RPR "
43,"TypeSuffix  LPR RPR "
44,"FuncFParams  FuncFParam "
45,"FuncFParams  FuncFParam FuncFParamsTail "
46,"FuncFParamsTail  COMMA FuncFParam FuncFParamsTail "
47,"FuncFParamsTail  COMMA FuncFParam "
48,"FuncFParam  Type Declarator "
49,"SimpleDeclarator  ID "
50,"Block  LBC BlockItemTail RBC "
51,"BlockItemTail  BlockItem BlockItemTail "
52,"BlockItemTail  "
53,"BlockItem  Decl "
54,"BlockItem  Stmt "
55,"Stmt  Exp SEMICOLON "
56,"Stmt  SEMICOLON "
57,"Stmt  Block "
58,"Stmt  KW_IF LPR Exp RPR Stmt "
59,"Stmt  KW_IF LPR Exp RPR Stmt KW_ELSE Stmt "
60,"Stmt  KW_WHILE LPR Exp RPR Stmt "
61,"Stmt  KW_BREAK SEMICOLON "
62,"Stmt  KW_CONTINUE SEMICOLON "
63,"Stmt  KW_RETURN Exp SEMICOLON "
64,"Stmt  KW_RETURN SEMICOLON "
65,"Exp  LOrExp "
66,"PrimaryExp  LPR Exp RPR "
67,"PrimaryExp  NUM "
68,"Number  NUM "
69,"UnaryExp  PrimaryExp "
70,"Exp  Exp POINTER_ACC ID "
71,"Exp  Exp POINTER_ACC ID LPR FuncRParams RPR "
72,"PrimaryExp  ID "
73,"PrimaryExp  PrimaryExp LBK Exp RBK "
74,"Exp  Exp DOT ID "
75,"Exp  Exp DOT ID LPR FuncRParams RPR "
76,"UnaryExp  ID LPR FuncRParams RPR "
77,"UnaryExp  ID LPR RPR "
78,"UnaryExp  UnaryOp UnaryExp "
79,"UnaryOp  PLUS "
80,"UnaryOp  MINUS "
81,"UnaryOp  NOT "
82,"UnaryOp  STAR "
83,"FuncRParams  Exp FuncRParamsTail "
84,"FuncRParamsTail  COMMA Exp FuncRParamsTail "
85,"FuncRParamsTail  "
86,"MulExp  UnaryExp "
87,"MulExp  MulExp MulOp UnaryExp "
88,"MulOp  STAR "
89,"MulOp  SLASH "
90,"MulOp  PERCENT "
91,"AddExp  MulExp "
92,"AddExp  AddExp AddOp MulExp "
93,"AddOp  PLUS "
94,"AddOp  MINUS "
95,"RelExp  AddExp "
96,"RelExp  RelExp RelOp AddExp "
97,"EqExp  EqExp EqOp RelExp "
98,"RelOp  LT "
99,"RelOp  GT "
100,"RelOp  LTE "
101,"RelOp  GTE "
102,"EqExp  RelExp "
103,"EqExp  EqExp EqOp RelExp "
104,"EqOp  EQ "
105,"EqOp  NEQ "
106,"LAndExp  EqExp "
107,"LAndExp  LAndExp AND EqExp "
108,"LOrExp  LAndExp "
109,"LOrExp  LOrExp OR LAndExp "
110,"ConstExp  Exp "
